"script","job","stage","feature_id","column","metric_stem","region"
"correlation_heatmap_workflow.R","workflow","selected","aa_freqs","aa_s_cds",,
"correlation_heatmap_workflow.R","workflow","selected","aa_freqs","aa_v_cds",,
"correlation_heatmap_workflow.R","workflow","selected","amino_ratio","amino_ratio_3utr",,
"correlation_heatmap_workflow.R","workflow","selected","amino_ratio","amino_ratio_5utr",,
"correlation_heatmap_workflow.R","workflow","selected","amino_ratio","amino_ratio_cds",,
"correlation_heatmap_workflow.R","workflow","selected","amino_ratio","amino_ratio_last100",,
"correlation_heatmap_workflow.R","workflow","selected","amino_ratio","amino_ratio_mrna",,
"correlation_heatmap_workflow.R","workflow","selected","amino_ratio","amino_ratio_start",,
"correlation_heatmap_workflow.R","workflow","selected","amino_ratio","amino_ratio_stop",,
"correlation_heatmap_workflow.R","workflow","selected","at_skew","at_skew_3utr",,
"correlation_heatmap_workflow.R","workflow","selected","at_skew","at_skew_5utr",,
"correlation_heatmap_workflow.R","workflow","selected","at_skew","at_skew_cds",,
"correlation_heatmap_workflow.R","workflow","selected","at_skew","at_skew_last100",,
"correlation_heatmap_workflow.R","workflow","selected","at_skew","at_skew_mrna",,
"correlation_heatmap_workflow.R","workflow","selected","at_skew","at_skew_start",,
"correlation_heatmap_workflow.R","workflow","selected","at_skew","at_skew_stop",,
"correlation_heatmap_workflow.R","workflow","selected","cai","cai_cds",,
"correlation_heatmap_workflow.R","workflow","selected","codon_freqs","codon_agu_cds",,
"correlation_heatmap_workflow.R","workflow","selected","codon_freqs","codon_uca_cds",,
"correlation_heatmap_workflow.R","workflow","selected","eej_dist_closest","eej_dist_closest_start",,
"correlation_heatmap_workflow.R","workflow","selected","eej_dist_closest","eej_dist_closest_stop",,
"correlation_heatmap_workflow.R","workflow","selected","exon_density","exon_density_mrna",,
"correlation_heatmap_workflow.R","workflow","selected","gc","gc_content_3utr",,
"correlation_heatmap_workflow.R","workflow","selected","gc","gc_content_5utr",,
"correlation_heatmap_workflow.R","workflow","selected","gc","gc_content_cds",,
"correlation_heatmap_workflow.R","workflow","selected","gc","gc_content_last100",,
"correlation_heatmap_workflow.R","workflow","selected","gc","gc_content_mrna",,
"correlation_heatmap_workflow.R","workflow","selected","gc","gc_content_start",,
"correlation_heatmap_workflow.R","workflow","selected","gc","gc_content_stop",,
"correlation_heatmap_workflow.R","workflow","selected","gc_skew","gc_skew_3utr",,
"correlation_heatmap_workflow.R","workflow","selected","gc_skew","gc_skew_5utr",,
"correlation_heatmap_workflow.R","workflow","selected","gc_skew","gc_skew_cds",,
"correlation_heatmap_workflow.R","workflow","selected","gc_skew","gc_skew_last100",,
"correlation_heatmap_workflow.R","workflow","selected","gc_skew","gc_skew_mrna",,
"correlation_heatmap_workflow.R","workflow","selected","gc_skew","gc_skew_start",,
"correlation_heatmap_workflow.R","workflow","selected","gc_skew","gc_skew_stop",,
"correlation_heatmap_workflow.R","workflow","selected","lengths","length_3utr",,
"correlation_heatmap_workflow.R","workflow","selected","lengths","length_5utr",,
"correlation_heatmap_workflow.R","workflow","selected","lengths","length_cds",,
"correlation_heatmap_workflow.R","workflow","selected","lengths","length_mrna",,
"correlation_heatmap_workflow.R","workflow","selected","mfe_deltas","mfe_delta_3utr",,
"correlation_heatmap_workflow.R","workflow","selected","mfe_deltas","mfe_delta_5utr",,
"correlation_heatmap_workflow.R","workflow","selected","mfe_deltas","mfe_delta_cds",,
"correlation_heatmap_workflow.R","workflow","selected","mfe_deltas","mfe_delta_last100",,
"correlation_heatmap_workflow.R","workflow","selected","mfe_deltas","mfe_delta_mrna",,
"correlation_heatmap_workflow.R","workflow","selected","mfe_deltas","mfe_delta_start",,
"correlation_heatmap_workflow.R","workflow","selected","mfe_deltas","mfe_delta_stop",,
"correlation_heatmap_workflow.R","workflow","selected","mfe_expected","mfe_expected_3utr",,
"correlation_heatmap_workflow.R","workflow","selected","mfe_expected","mfe_expected_5utr",,
"correlation_heatmap_workflow.R","workflow","selected","mfe_expected","mfe_expected_cds",,
"correlation_heatmap_workflow.R","workflow","selected","mfe_expected","mfe_expected_last100",,
"correlation_heatmap_workflow.R","workflow","selected","mfe_expected","mfe_expected_mrna",,
"correlation_heatmap_workflow.R","workflow","selected","mfe_expected","mfe_expected_start",,
"correlation_heatmap_workflow.R","workflow","selected","mfe_expected","mfe_expected_stop",,
"correlation_heatmap_workflow.R","workflow","selected","nmd_alt_stop","nmd_alt_stop_codon_density_mrna",,
"correlation_heatmap_workflow.R","workflow","selected","nmd_snv_fragile","nmd_snv_fragile_codon_density_mrna",,
"correlation_heatmap_workflow.R","workflow","selected","nuc_ratios","frac_a_3utr",,
"correlation_heatmap_workflow.R","workflow","selected","nuc_ratios","frac_a_5utr",,
"correlation_heatmap_workflow.R","workflow","selected","nuc_ratios","frac_a_cds",,
"correlation_heatmap_workflow.R","workflow","selected","nuc_ratios","frac_a_last100",,
"correlation_heatmap_workflow.R","workflow","selected","nuc_ratios","frac_a_mrna",,
"correlation_heatmap_workflow.R","workflow","selected","nuc_ratios","frac_a_start",,
"correlation_heatmap_workflow.R","workflow","selected","nuc_ratios","frac_a_stop",,
"correlation_heatmap_workflow.R","workflow","selected","nuc_ratios","frac_c_3utr",,
"correlation_heatmap_workflow.R","workflow","selected","nuc_ratios","frac_c_5utr",,
"correlation_heatmap_workflow.R","workflow","selected","nuc_ratios","frac_c_cds",,
"correlation_heatmap_workflow.R","workflow","selected","nuc_ratios","frac_c_last100",,
"correlation_heatmap_workflow.R","workflow","selected","nuc_ratios","frac_c_mrna",,
"correlation_heatmap_workflow.R","workflow","selected","nuc_ratios","frac_c_start",,
"correlation_heatmap_workflow.R","workflow","selected","nuc_ratios","frac_c_stop",,
"correlation_heatmap_workflow.R","workflow","selected","nuc_ratios","frac_g_3utr",,
"correlation_heatmap_workflow.R","workflow","selected","nuc_ratios","frac_g_5utr",,
"correlation_heatmap_workflow.R","workflow","selected","nuc_ratios","frac_g_cds",,
"correlation_heatmap_workflow.R","workflow","selected","nuc_ratios","frac_g_last100",,
"correlation_heatmap_workflow.R","workflow","selected","nuc_ratios","frac_g_mrna",,
"correlation_heatmap_workflow.R","workflow","selected","nuc_ratios","frac_g_start",,
"correlation_heatmap_workflow.R","workflow","selected","nuc_ratios","frac_g_stop",,
"correlation_heatmap_workflow.R","workflow","selected","nuc_ratios","frac_u_3utr",,
"correlation_heatmap_workflow.R","workflow","selected","nuc_ratios","frac_u_5utr",,
"correlation_heatmap_workflow.R","workflow","selected","nuc_ratios","frac_u_cds",,
"correlation_heatmap_workflow.R","workflow","selected","nuc_ratios","frac_u_last100",,
"correlation_heatmap_workflow.R","workflow","selected","nuc_ratios","frac_u_mrna",,
"correlation_heatmap_workflow.R","workflow","selected","nuc_ratios","frac_u_start",,
"correlation_heatmap_workflow.R","workflow","selected","nuc_ratios","frac_u_stop",,
"correlation_heatmap_workflow.R","workflow","selected","probing","gini_cytoplasm_3utr",,
"correlation_heatmap_workflow.R","workflow","selected","probing","gini_cytoplasm_5utr",,
"correlation_heatmap_workflow.R","workflow","selected","probing","gini_cytoplasm_cds",,
"correlation_heatmap_workflow.R","workflow","selected","probing","gini_cytoplasm_mrna",,
"correlation_heatmap_workflow.R","workflow","selected","purine_ratio","purine_ratio_3utr",,
"correlation_heatmap_workflow.R","workflow","selected","purine_ratio","purine_ratio_5utr",,
"correlation_heatmap_workflow.R","workflow","selected","purine_ratio","purine_ratio_cds",,
"correlation_heatmap_workflow.R","workflow","selected","purine_ratio","purine_ratio_last100",,
"correlation_heatmap_workflow.R","workflow","selected","purine_ratio","purine_ratio_mrna",,
"correlation_heatmap_workflow.R","workflow","selected","purine_ratio","purine_ratio_start",,
"correlation_heatmap_workflow.R","workflow","selected","purine_ratio","purine_ratio_stop",,
"correlation_heatmap_workflow.R","workflow","selected","rnafold_per_nt","rnafold_per_nt_3utr",,
"correlation_heatmap_workflow.R","workflow","selected","rnafold_per_nt","rnafold_per_nt_5utr",,
"correlation_heatmap_workflow.R","workflow","selected","rnafold_per_nt","rnafold_per_nt_cds",,
"correlation_heatmap_workflow.R","workflow","selected","rnafold_per_nt","rnafold_per_nt_last100",,
"correlation_heatmap_workflow.R","workflow","selected","rnafold_per_nt","rnafold_per_nt_mrna",,
"correlation_heatmap_workflow.R","workflow","selected","rnafold_per_nt","rnafold_per_nt_start",,
"correlation_heatmap_workflow.R","workflow","selected","rnafold_per_nt","rnafold_per_nt_stop",,
"correlation_heatmap_workflow.R","workflow","selected","rnafold_scores","rnafold_score_3utr",,
"correlation_heatmap_workflow.R","workflow","selected","rnafold_scores","rnafold_score_5utr",,
"correlation_heatmap_workflow.R","workflow","selected","rnafold_scores","rnafold_score_cds",,
"correlation_heatmap_workflow.R","workflow","selected","rnafold_scores","rnafold_score_last100",,
"correlation_heatmap_workflow.R","workflow","selected","rnafold_scores","rnafold_score_mrna",,
"correlation_heatmap_workflow.R","workflow","selected","rnafold_scores","rnafold_score_start",,
"correlation_heatmap_workflow.R","workflow","selected","rnafold_scores","rnafold_score_stop",,
"correlation_heatmap_workflow.R","workflow","selected","rnafold_scores","rnafold_score_utrpair",,
"correlation_heatmap_workflow.R","workflow","selected","rnafold_zscores","rnafold_zscore_3utr",,
"correlation_heatmap_workflow.R","workflow","selected","rnafold_zscores","rnafold_zscore_5utr",,
"correlation_heatmap_workflow.R","workflow","selected","rnafold_zscores","rnafold_zscore_cds",,
"correlation_heatmap_workflow.R","workflow","selected","rnafold_zscores","rnafold_zscore_last100",,
"correlation_heatmap_workflow.R","workflow","selected","rnafold_zscores","rnafold_zscore_mrna",,
"correlation_heatmap_workflow.R","workflow","selected","rnafold_zscores","rnafold_zscore_start",,
"correlation_heatmap_workflow.R","workflow","selected","rnafold_zscores","rnafold_zscore_stop",,
"correlation_heatmap_workflow.R","workflow","selected","rnafold_zscores","rnafold_zscore_utrpair",,
"correlation_heatmap_workflow.R","workflow","selected","rnalfold_scores","rnalfold_score_3utr",,
"correlation_heatmap_workflow.R","workflow","selected","rnalfold_scores","rnalfold_score_5utr",,
"correlation_heatmap_workflow.R","workflow","selected","rnalfold_scores","rnalfold_score_cds",,
"correlation_heatmap_workflow.R","workflow","selected","rnalfold_scores","rnalfold_score_last100",,
"correlation_heatmap_workflow.R","workflow","selected","rnalfold_scores","rnalfold_score_mrna",,
"correlation_heatmap_workflow.R","workflow","selected","rnalfold_scores","rnalfold_score_start",,
"correlation_heatmap_workflow.R","workflow","selected","rnalfold_scores","rnalfold_score_stop",,
"correlation_heatmap_workflow.R","workflow","selected","rnalfold_zscores","rnalfold_zscore_3utr",,
"correlation_heatmap_workflow.R","workflow","selected","rnalfold_zscores","rnalfold_zscore_5utr",,
"correlation_heatmap_workflow.R","workflow","selected","rnalfold_zscores","rnalfold_zscore_cds",,
"correlation_heatmap_workflow.R","workflow","selected","rnalfold_zscores","rnalfold_zscore_last100",,
"correlation_heatmap_workflow.R","workflow","selected","rnalfold_zscores","rnalfold_zscore_mrna",,
"correlation_heatmap_workflow.R","workflow","selected","rnalfold_zscores","rnalfold_zscore_start",,
"correlation_heatmap_workflow.R","workflow","selected","rnalfold_zscores","rnalfold_zscore_stop",,
"correlation_heatmap_workflow.R","workflow","selected","stopfree","stopfree_length_3utr",,
"correlation_heatmap_workflow.R","workflow","selected","stopfree","stopfree_length_5utr",,
"correlation_heatmap_workflow.R","workflow","selected","stopfree","stopfree_length_cds",,
"correlation_heatmap_workflow.R","workflow","selected","stopfree","stopfree_length_mrna",,
"correlation_heatmap_workflow.R","workflow","selected","uorf_present","uorf_present_mrna",,
"cross_species_probing_concordance.R","probing","selected","probing","gini_cytoplasm_3utr",,
"cross_species_probing_concordance.R","probing","selected","probing","gini_cytoplasm_5utr",,
"cross_species_probing_concordance.R","probing","selected","probing","gini_cytoplasm_cds",,
"cross_species_probing_concordance.R","probing","selected","probing","gini_cytoplasm_mrna",,
"cross_species_probing_concordance.R","probing","selected","probing","gini_nucleoplasm_3utr",,
"cross_species_probing_concordance.R","probing","selected","probing","gini_nucleoplasm_5utr",,
"cross_species_probing_concordance.R","probing","selected","probing","gini_nucleoplasm_cds",,
"cross_species_probing_concordance.R","probing","selected","probing","gini_nucleoplasm_mrna",,
"dataset_overview.R","overview","selected","aa_freqs","aa_a_cds",,
"dataset_overview.R","overview","selected","aa_freqs","aa_c_cds",,
"dataset_overview.R","overview","selected","aa_freqs","aa_d_cds",,
"dataset_overview.R","overview","selected","aa_freqs","aa_e_cds",,
"dataset_overview.R","overview","selected","aa_freqs","aa_f_cds",,
"dataset_overview.R","overview","selected","aa_freqs","aa_g_cds",,
"dataset_overview.R","overview","selected","aa_freqs","aa_h_cds",,
"dataset_overview.R","overview","selected","aa_freqs","aa_i_cds",,
"dataset_overview.R","overview","selected","aa_freqs","aa_k_cds",,
"dataset_overview.R","overview","selected","aa_freqs","aa_l_cds",,
"dataset_overview.R","overview","selected","aa_freqs","aa_m_cds",,
"dataset_overview.R","overview","selected","aa_freqs","aa_n_cds",,
"dataset_overview.R","overview","selected","aa_freqs","aa_p_cds",,
"dataset_overview.R","overview","selected","aa_freqs","aa_q_cds",,
"dataset_overview.R","overview","selected","aa_freqs","aa_r_cds",,
"dataset_overview.R","overview","selected","aa_freqs","aa_s_cds",,
"dataset_overview.R","overview","selected","aa_freqs","aa_t_cds",,
"dataset_overview.R","overview","selected","aa_freqs","aa_v_cds",,
"dataset_overview.R","overview","selected","aa_freqs","aa_w_cds",,
"dataset_overview.R","overview","selected","aa_freqs","aa_y_cds",,
"dataset_overview.R","overview","selected","amino_ratio","amino_ratio_3utr",,
"dataset_overview.R","overview","selected","amino_ratio","amino_ratio_5utr",,
"dataset_overview.R","overview","selected","amino_ratio","amino_ratio_cds",,
"dataset_overview.R","overview","selected","amino_ratio","amino_ratio_last100",,
"dataset_overview.R","overview","selected","amino_ratio","amino_ratio_mrna",,
"dataset_overview.R","overview","selected","amino_ratio","amino_ratio_start",,
"dataset_overview.R","overview","selected","amino_ratio","amino_ratio_stop",,
"dataset_overview.R","overview","selected","at_skew","at_skew_3utr",,
"dataset_overview.R","overview","selected","at_skew","at_skew_5utr",,
"dataset_overview.R","overview","selected","at_skew","at_skew_cds",,
"dataset_overview.R","overview","selected","at_skew","at_skew_last100",,
"dataset_overview.R","overview","selected","at_skew","at_skew_mrna",,
"dataset_overview.R","overview","selected","at_skew","at_skew_start",,
"dataset_overview.R","overview","selected","at_skew","at_skew_stop",,
"dataset_overview.R","overview","selected","cai","cai_cds",,
"dataset_overview.R","overview","selected","cds_codon_counts","cds_length_codons_cds",,
"dataset_overview.R","overview","selected","cds_codon_counts","codon_other_cds",,
"dataset_overview.R","overview","selected","cds_codon_counts","n_codons_scored_cds",,
"dataset_overview.R","overview","selected","cds_codon_counts","n_stops_cds",,
"dataset_overview.R","overview","selected","codon_freqs","codon_aaa_cds",,
"dataset_overview.R","overview","selected","codon_freqs","codon_aac_cds",,
"dataset_overview.R","overview","selected","codon_freqs","codon_aag_cds",,
"dataset_overview.R","overview","selected","codon_freqs","codon_aau_cds",,
"dataset_overview.R","overview","selected","codon_freqs","codon_aca_cds",,
"dataset_overview.R","overview","selected","codon_freqs","codon_acc_cds",,
"dataset_overview.R","overview","selected","codon_freqs","codon_acg_cds",,
"dataset_overview.R","overview","selected","codon_freqs","codon_acu_cds",,
"dataset_overview.R","overview","selected","codon_freqs","codon_aga_cds",,
"dataset_overview.R","overview","selected","codon_freqs","codon_agc_cds",,
"dataset_overview.R","overview","selected","codon_freqs","codon_agg_cds",,
"dataset_overview.R","overview","selected","codon_freqs","codon_agu_cds",,
"dataset_overview.R","overview","selected","codon_freqs","codon_aua_cds",,
"dataset_overview.R","overview","selected","codon_freqs","codon_auc_cds",,
"dataset_overview.R","overview","selected","codon_freqs","codon_aug_cds",,
"dataset_overview.R","overview","selected","codon_freqs","codon_auu_cds",,
"dataset_overview.R","overview","selected","codon_freqs","codon_caa_cds",,
"dataset_overview.R","overview","selected","codon_freqs","codon_cac_cds",,
"dataset_overview.R","overview","selected","codon_freqs","codon_cag_cds",,
"dataset_overview.R","overview","selected","codon_freqs","codon_cau_cds",,
"dataset_overview.R","overview","selected","codon_freqs","codon_cca_cds",,
"dataset_overview.R","overview","selected","codon_freqs","codon_ccc_cds",,
"dataset_overview.R","overview","selected","codon_freqs","codon_ccg_cds",,
"dataset_overview.R","overview","selected","codon_freqs","codon_ccu_cds",,
"dataset_overview.R","overview","selected","codon_freqs","codon_cga_cds",,
"dataset_overview.R","overview","selected","codon_freqs","codon_cgc_cds",,
"dataset_overview.R","overview","selected","codon_freqs","codon_cgg_cds",,
"dataset_overview.R","overview","selected","codon_freqs","codon_cgu_cds",,
"dataset_overview.R","overview","selected","codon_freqs","codon_cua_cds",,
"dataset_overview.R","overview","selected","codon_freqs","codon_cuc_cds",,
"dataset_overview.R","overview","selected","codon_freqs","codon_cug_cds",,
"dataset_overview.R","overview","selected","codon_freqs","codon_cuu_cds",,
"dataset_overview.R","overview","selected","codon_freqs","codon_gaa_cds",,
"dataset_overview.R","overview","selected","codon_freqs","codon_gac_cds",,
"dataset_overview.R","overview","selected","codon_freqs","codon_gag_cds",,
"dataset_overview.R","overview","selected","codon_freqs","codon_gau_cds",,
"dataset_overview.R","overview","selected","codon_freqs","codon_gca_cds",,
"dataset_overview.R","overview","selected","codon_freqs","codon_gcc_cds",,
"dataset_overview.R","overview","selected","codon_freqs","codon_gcg_cds",,
"dataset_overview.R","overview","selected","codon_freqs","codon_gcu_cds",,
"dataset_overview.R","overview","selected","codon_freqs","codon_gga_cds",,
"dataset_overview.R","overview","selected","codon_freqs","codon_ggc_cds",,
"dataset_overview.R","overview","selected","codon_freqs","codon_ggg_cds",,
"dataset_overview.R","overview","selected","codon_freqs","codon_ggu_cds",,
"dataset_overview.R","overview","selected","codon_freqs","codon_gua_cds",,
"dataset_overview.R","overview","selected","codon_freqs","codon_guc_cds",,
"dataset_overview.R","overview","selected","codon_freqs","codon_gug_cds",,
"dataset_overview.R","overview","selected","codon_freqs","codon_guu_cds",,
"dataset_overview.R","overview","selected","codon_freqs","codon_uaa_cds",,
"dataset_overview.R","overview","selected","codon_freqs","codon_uac_cds",,
"dataset_overview.R","overview","selected","codon_freqs","codon_uag_cds",,
"dataset_overview.R","overview","selected","codon_freqs","codon_uau_cds",,
"dataset_overview.R","overview","selected","codon_freqs","codon_uca_cds",,
"dataset_overview.R","overview","selected","codon_freqs","codon_ucc_cds",,
"dataset_overview.R","overview","selected","codon_freqs","codon_ucg_cds",,
"dataset_overview.R","overview","selected","codon_freqs","codon_ucu_cds",,
"dataset_overview.R","overview","selected","codon_freqs","codon_uga_cds",,
"dataset_overview.R","overview","selected","codon_freqs","codon_ugc_cds",,
"dataset_overview.R","overview","selected","codon_freqs","codon_ugg_cds",,
"dataset_overview.R","overview","selected","codon_freqs","codon_ugu_cds",,
"dataset_overview.R","overview","selected","codon_freqs","codon_uua_cds",,
"dataset_overview.R","overview","selected","codon_freqs","codon_uuc_cds",,
"dataset_overview.R","overview","selected","codon_freqs","codon_uug_cds",,
"dataset_overview.R","overview","selected","codon_freqs","codon_uuu_cds",,
"dataset_overview.R","overview","selected","dist_cap_uatg","dist_cap_to_first_uatg_mrna",,
"dataset_overview.R","overview","selected","dist_uorf_stop_atg","dist_last_uorf_stop_to_main_atg",,
"dataset_overview.R","overview","selected","eej_dist_closest","eej_dist_closest_start",,
"dataset_overview.R","overview","selected","eej_dist_closest","eej_dist_closest_stop",,
"dataset_overview.R","overview","selected","eej_dist_downstream","eej_dist_downstream_start",,
"dataset_overview.R","overview","selected","eej_dist_downstream","eej_dist_downstream_stop",,
"dataset_overview.R","overview","selected","eej_dist_upstream","eej_dist_upstream_start",,
"dataset_overview.R","overview","selected","eej_dist_upstream","eej_dist_upstream_stop",,
"dataset_overview.R","overview","selected","exon_count","exon_count_mrna",,
"dataset_overview.R","overview","selected","exon_density","exon_density_mrna",,
"dataset_overview.R","overview","selected","gc","gc_content_3utr",,
"dataset_overview.R","overview","selected","gc","gc_content_5utr",,
"dataset_overview.R","overview","selected","gc","gc_content_cds",,
"dataset_overview.R","overview","selected","gc","gc_content_last100",,
"dataset_overview.R","overview","selected","gc","gc_content_mrna",,
"dataset_overview.R","overview","selected","gc","gc_content_start",,
"dataset_overview.R","overview","selected","gc","gc_content_stop",,
"dataset_overview.R","overview","selected","gc_skew","gc_skew_3utr",,
"dataset_overview.R","overview","selected","gc_skew","gc_skew_5utr",,
"dataset_overview.R","overview","selected","gc_skew","gc_skew_cds",,
"dataset_overview.R","overview","selected","gc_skew","gc_skew_last100",,
"dataset_overview.R","overview","selected","gc_skew","gc_skew_mrna",,
"dataset_overview.R","overview","selected","gc_skew","gc_skew_start",,
"dataset_overview.R","overview","selected","gc_skew","gc_skew_stop",,
"dataset_overview.R","overview","selected","internal_exon_count","exon_count_internal_mrna",,
"dataset_overview.R","overview","selected","internal_exon_length","internal_exon_mean",,
"dataset_overview.R","overview","selected","internal_exon_length","internal_exon_median",,
"dataset_overview.R","overview","selected","internal_exon_length","internal_exon_sd",,
"dataset_overview.R","overview","selected","intron_length","intron_length_mean_mrna",,
"dataset_overview.R","overview","selected","intron_length","intron_median",,
"dataset_overview.R","overview","selected","intron_length","intron_sd",,
"dataset_overview.R","overview","selected","junction_count","junctions_count_3utr",,
"dataset_overview.R","overview","selected","junction_count","junctions_count_5utr",,
"dataset_overview.R","overview","selected","junction_count","junctions_count_cds",,
"dataset_overview.R","overview","selected","junction_count","junctions_count_mrna",,
"dataset_overview.R","overview","selected","junction_density","junctions_density_3utr",,
"dataset_overview.R","overview","selected","junction_density","junctions_density_5utr",,
"dataset_overview.R","overview","selected","junction_density","junctions_density_cds",,
"dataset_overview.R","overview","selected","junction_density","junctions_density_mrna",,
"dataset_overview.R","overview","selected","last_exon_length","exon_length_last_mrna",,
"dataset_overview.R","overview","selected","length_windows","length_last100",,
"dataset_overview.R","overview","selected","length_windows","length_start",,
"dataset_overview.R","overview","selected","length_windows","length_stop",,
"dataset_overview.R","overview","selected","lengths","length_3utr",,
"dataset_overview.R","overview","selected","lengths","length_5utr",,
"dataset_overview.R","overview","selected","lengths","length_cds",,
"dataset_overview.R","overview","selected","lengths","length_mrna",,
"dataset_overview.R","overview","selected","mfe_deltas","mfe_delta_3utr",,
"dataset_overview.R","overview","selected","mfe_deltas","mfe_delta_5utr",,
"dataset_overview.R","overview","selected","mfe_deltas","mfe_delta_cds",,
"dataset_overview.R","overview","selected","mfe_deltas","mfe_delta_last100",,
"dataset_overview.R","overview","selected","mfe_deltas","mfe_delta_mrna",,
"dataset_overview.R","overview","selected","mfe_deltas","mfe_delta_start",,
"dataset_overview.R","overview","selected","mfe_deltas","mfe_delta_stop",,
"dataset_overview.R","overview","selected","mfe_expected","mfe_expected_3utr",,
"dataset_overview.R","overview","selected","mfe_expected","mfe_expected_5utr",,
"dataset_overview.R","overview","selected","mfe_expected","mfe_expected_cds",,
"dataset_overview.R","overview","selected","mfe_expected","mfe_expected_last100",,
"dataset_overview.R","overview","selected","mfe_expected","mfe_expected_mrna",,
"dataset_overview.R","overview","selected","mfe_expected","mfe_expected_start",,
"dataset_overview.R","overview","selected","mfe_expected","mfe_expected_stop",,
"dataset_overview.R","overview","selected","nmd_alt_stop","nmd_alt_stop_codon_density_mrna",,
"dataset_overview.R","overview","selected","nmd_snv_fragile","nmd_snv_fragile_codon_density_mrna",,
"dataset_overview.R","overview","selected","nmd_transition","nmd_transition_fragile_codon_density_mrna",,
"dataset_overview.R","overview","selected","nmd_transition_fraction","nmd_transition_fraction_of_snv_fragile_mrna",,
"dataset_overview.R","overview","selected","nmd_transversion","nmd_transversion_fragile_codon_density_mrna",,
"dataset_overview.R","overview","selected","nuc_ratios","frac_a_3utr",,
"dataset_overview.R","overview","selected","nuc_ratios","frac_a_5utr",,
"dataset_overview.R","overview","selected","nuc_ratios","frac_a_cds",,
"dataset_overview.R","overview","selected","nuc_ratios","frac_a_last100",,
"dataset_overview.R","overview","selected","nuc_ratios","frac_a_mrna",,
"dataset_overview.R","overview","selected","nuc_ratios","frac_a_start",,
"dataset_overview.R","overview","selected","nuc_ratios","frac_a_stop",,
"dataset_overview.R","overview","selected","nuc_ratios","frac_c_3utr",,
"dataset_overview.R","overview","selected","nuc_ratios","frac_c_5utr",,
"dataset_overview.R","overview","selected","nuc_ratios","frac_c_cds",,
"dataset_overview.R","overview","selected","nuc_ratios","frac_c_last100",,
"dataset_overview.R","overview","selected","nuc_ratios","frac_c_mrna",,
"dataset_overview.R","overview","selected","nuc_ratios","frac_c_start",,
"dataset_overview.R","overview","selected","nuc_ratios","frac_c_stop",,
"dataset_overview.R","overview","selected","nuc_ratios","frac_g_3utr",,
"dataset_overview.R","overview","selected","nuc_ratios","frac_g_5utr",,
"dataset_overview.R","overview","selected","nuc_ratios","frac_g_cds",,
"dataset_overview.R","overview","selected","nuc_ratios","frac_g_last100",,
"dataset_overview.R","overview","selected","nuc_ratios","frac_g_mrna",,
"dataset_overview.R","overview","selected","nuc_ratios","frac_g_start",,
"dataset_overview.R","overview","selected","nuc_ratios","frac_g_stop",,
"dataset_overview.R","overview","selected","nuc_ratios","frac_u_3utr",,
"dataset_overview.R","overview","selected","nuc_ratios","frac_u_5utr",,
"dataset_overview.R","overview","selected","nuc_ratios","frac_u_cds",,
"dataset_overview.R","overview","selected","nuc_ratios","frac_u_last100",,
"dataset_overview.R","overview","selected","nuc_ratios","frac_u_mrna",,
"dataset_overview.R","overview","selected","nuc_ratios","frac_u_start",,
"dataset_overview.R","overview","selected","nuc_ratios","frac_u_stop",,
"dataset_overview.R","overview","selected","orfexondensity","orfexondensity",,
"dataset_overview.R","overview","selected","probing","gini_cytoplasm_3utr",,
"dataset_overview.R","overview","selected","probing","gini_cytoplasm_5utr",,
"dataset_overview.R","overview","selected","probing","gini_cytoplasm_cds",,
"dataset_overview.R","overview","selected","probing","gini_cytoplasm_mrna",,
"dataset_overview.R","overview","selected","probing","gini_nucleoplasm_3utr",,
"dataset_overview.R","overview","selected","probing","gini_nucleoplasm_5utr",,
"dataset_overview.R","overview","selected","probing","gini_nucleoplasm_cds",,
"dataset_overview.R","overview","selected","probing","gini_nucleoplasm_mrna",,
"dataset_overview.R","overview","selected","purine_ratio","purine_ratio_3utr",,
"dataset_overview.R","overview","selected","purine_ratio","purine_ratio_5utr",,
"dataset_overview.R","overview","selected","purine_ratio","purine_ratio_cds",,
"dataset_overview.R","overview","selected","purine_ratio","purine_ratio_last100",,
"dataset_overview.R","overview","selected","purine_ratio","purine_ratio_mrna",,
"dataset_overview.R","overview","selected","purine_ratio","purine_ratio_start",,
"dataset_overview.R","overview","selected","purine_ratio","purine_ratio_stop",,
"dataset_overview.R","overview","selected","rnafold_median","rnafold_median_3utr",,
"dataset_overview.R","overview","selected","rnafold_median","rnafold_median_5utr",,
"dataset_overview.R","overview","selected","rnafold_median","rnafold_median_cds",,
"dataset_overview.R","overview","selected","rnafold_median","rnafold_median_last100",,
"dataset_overview.R","overview","selected","rnafold_median","rnafold_median_mrna",,
"dataset_overview.R","overview","selected","rnafold_median","rnafold_median_start",,
"dataset_overview.R","overview","selected","rnafold_median","rnafold_median_stop",,
"dataset_overview.R","overview","selected","rnafold_median","rnafold_median_utrpair",,
"dataset_overview.R","overview","selected","rnafold_per_nt","rnafold_per_nt_3utr",,
"dataset_overview.R","overview","selected","rnafold_per_nt","rnafold_per_nt_5utr",,
"dataset_overview.R","overview","selected","rnafold_per_nt","rnafold_per_nt_cds",,
"dataset_overview.R","overview","selected","rnafold_per_nt","rnafold_per_nt_last100",,
"dataset_overview.R","overview","selected","rnafold_per_nt","rnafold_per_nt_mrna",,
"dataset_overview.R","overview","selected","rnafold_per_nt","rnafold_per_nt_start",,
"dataset_overview.R","overview","selected","rnafold_per_nt","rnafold_per_nt_stop",,
"dataset_overview.R","overview","selected","rnafold_pval","rnafold_pval_3utr",,
"dataset_overview.R","overview","selected","rnafold_pval","rnafold_pval_5utr",,
"dataset_overview.R","overview","selected","rnafold_pval","rnafold_pval_cds",,
"dataset_overview.R","overview","selected","rnafold_pval","rnafold_pval_last100",,
"dataset_overview.R","overview","selected","rnafold_pval","rnafold_pval_mrna",,
"dataset_overview.R","overview","selected","rnafold_pval","rnafold_pval_start",,
"dataset_overview.R","overview","selected","rnafold_pval","rnafold_pval_stop",,
"dataset_overview.R","overview","selected","rnafold_pval","rnafold_pval_utrpair",,
"dataset_overview.R","overview","selected","rnafold_scores","rnafold_score_3utr",,
"dataset_overview.R","overview","selected","rnafold_scores","rnafold_score_5utr",,
"dataset_overview.R","overview","selected","rnafold_scores","rnafold_score_cds",,
"dataset_overview.R","overview","selected","rnafold_scores","rnafold_score_last100",,
"dataset_overview.R","overview","selected","rnafold_scores","rnafold_score_mrna",,
"dataset_overview.R","overview","selected","rnafold_scores","rnafold_score_start",,
"dataset_overview.R","overview","selected","rnafold_scores","rnafold_score_stop",,
"dataset_overview.R","overview","selected","rnafold_scores","rnafold_score_utrpair",,
"dataset_overview.R","overview","selected","rnafold_zscores","rnafold_zscore_3utr",,
"dataset_overview.R","overview","selected","rnafold_zscores","rnafold_zscore_5utr",,
"dataset_overview.R","overview","selected","rnafold_zscores","rnafold_zscore_cds",,
"dataset_overview.R","overview","selected","rnafold_zscores","rnafold_zscore_last100",,
"dataset_overview.R","overview","selected","rnafold_zscores","rnafold_zscore_mrna",,
"dataset_overview.R","overview","selected","rnafold_zscores","rnafold_zscore_start",,
"dataset_overview.R","overview","selected","rnafold_zscores","rnafold_zscore_stop",,
"dataset_overview.R","overview","selected","rnafold_zscores","rnafold_zscore_utrpair",,
"dataset_overview.R","overview","selected","rnalfold_median","rnalfold_median_3utr",,
"dataset_overview.R","overview","selected","rnalfold_median","rnalfold_median_5utr",,
"dataset_overview.R","overview","selected","rnalfold_median","rnalfold_median_cds",,
"dataset_overview.R","overview","selected","rnalfold_median","rnalfold_median_last100",,
"dataset_overview.R","overview","selected","rnalfold_median","rnalfold_median_mrna",,
"dataset_overview.R","overview","selected","rnalfold_median","rnalfold_median_start",,
"dataset_overview.R","overview","selected","rnalfold_median","rnalfold_median_stop",,
"dataset_overview.R","overview","selected","rnalfold_pval","rnalfold_pval_3utr",,
"dataset_overview.R","overview","selected","rnalfold_pval","rnalfold_pval_5utr",,
"dataset_overview.R","overview","selected","rnalfold_pval","rnalfold_pval_cds",,
"dataset_overview.R","overview","selected","rnalfold_pval","rnalfold_pval_last100",,
"dataset_overview.R","overview","selected","rnalfold_pval","rnalfold_pval_mrna",,
"dataset_overview.R","overview","selected","rnalfold_pval","rnalfold_pval_start",,
"dataset_overview.R","overview","selected","rnalfold_pval","rnalfold_pval_stop",,
"dataset_overview.R","overview","selected","rnalfold_scores","rnalfold_score_3utr",,
"dataset_overview.R","overview","selected","rnalfold_scores","rnalfold_score_5utr",,
"dataset_overview.R","overview","selected","rnalfold_scores","rnalfold_score_cds",,
"dataset_overview.R","overview","selected","rnalfold_scores","rnalfold_score_last100",,
"dataset_overview.R","overview","selected","rnalfold_scores","rnalfold_score_mrna",,
"dataset_overview.R","overview","selected","rnalfold_scores","rnalfold_score_start",,
"dataset_overview.R","overview","selected","rnalfold_scores","rnalfold_score_stop",,
"dataset_overview.R","overview","selected","rnalfold_zscores","rnalfold_zscore_3utr",,
"dataset_overview.R","overview","selected","rnalfold_zscores","rnalfold_zscore_5utr",,
"dataset_overview.R","overview","selected","rnalfold_zscores","rnalfold_zscore_cds",,
"dataset_overview.R","overview","selected","rnalfold_zscores","rnalfold_zscore_last100",,
"dataset_overview.R","overview","selected","rnalfold_zscores","rnalfold_zscore_mrna",,
"dataset_overview.R","overview","selected","rnalfold_zscores","rnalfold_zscore_start",,
"dataset_overview.R","overview","selected","rnalfold_zscores","rnalfold_zscore_stop",,
"dataset_overview.R","overview","selected","stop_dist_last_downstream","stop_dist_last_downstream",,
"dataset_overview.R","overview","selected","stopfree","stopfree_length_3utr",,
"dataset_overview.R","overview","selected","stopfree","stopfree_length_5utr",,
"dataset_overview.R","overview","selected","stopfree","stopfree_length_cds",,
"dataset_overview.R","overview","selected","stopfree","stopfree_length_mrna",,
"dataset_overview.R","overview","selected","te","translation_efficiency",,
"dataset_overview.R","overview","selected","uorf_count","n_overlapping_uorfs",,
"dataset_overview.R","overview","selected","uorf_count","uorf_count_mrna",,
"dataset_overview.R","overview","selected","uorf_max_codons","max_classical_uorf_codons",,
"dataset_overview.R","overview","selected","uorf_present","uorf_present_mrna",,
"dataset_overview.R","overview","selected","uorf_total_codons","total_classical_uorf_codons",,
"dataset_overview.R","overview","selected","utr5_length","utr5_length",,
"feature_correlation_bands.R","halflife","plotted","aa_freqs",,"aa_s","cds"
"feature_correlation_bands.R","halflife","plotted","aa_freqs",,"aa_v","cds"
"feature_correlation_bands.R","halflife","plotted","amino_ratio",,"amino_ratio","3utr"
"feature_correlation_bands.R","halflife","plotted","amino_ratio",,"amino_ratio","5utr"
"feature_correlation_bands.R","halflife","plotted","amino_ratio",,"amino_ratio","cds"
"feature_correlation_bands.R","halflife","plotted","amino_ratio",,"amino_ratio","last100"
"feature_correlation_bands.R","halflife","plotted","amino_ratio",,"amino_ratio","mrna"
"feature_correlation_bands.R","halflife","plotted","amino_ratio",,"amino_ratio","start"
"feature_correlation_bands.R","halflife","plotted","amino_ratio",,"amino_ratio","stop"
"feature_correlation_bands.R","halflife","plotted","at_skew",,"at_skew","3utr"
"feature_correlation_bands.R","halflife","plotted","at_skew",,"at_skew","5utr"
"feature_correlation_bands.R","halflife","plotted","at_skew",,"at_skew","cds"
"feature_correlation_bands.R","halflife","plotted","at_skew",,"at_skew","last100"
"feature_correlation_bands.R","halflife","plotted","at_skew",,"at_skew","mrna"
"feature_correlation_bands.R","halflife","plotted","at_skew",,"at_skew","start"
"feature_correlation_bands.R","halflife","plotted","at_skew",,"at_skew","stop"
"feature_correlation_bands.R","halflife","plotted","cai",,"cai","cds"
"feature_correlation_bands.R","halflife","plotted","codon_freqs",,"codon_agu","cds"
"feature_correlation_bands.R","halflife","plotted","codon_freqs",,"codon_auc","cds"
"feature_correlation_bands.R","halflife","plotted","eej_dist_closest",,"eej_dist_closest","start"
"feature_correlation_bands.R","halflife","plotted","eej_dist_closest",,"eej_dist_closest","stop"
"feature_correlation_bands.R","halflife","plotted","exon_density",,"exon_density","mrna"
"feature_correlation_bands.R","halflife","plotted","gc",,"gc_content","3utr"
"feature_correlation_bands.R","halflife","plotted","gc",,"gc_content","5utr"
"feature_correlation_bands.R","halflife","plotted","gc",,"gc_content","cds"
"feature_correlation_bands.R","halflife","plotted","gc",,"gc_content","last100"
"feature_correlation_bands.R","halflife","plotted","gc",,"gc_content","mrna"
"feature_correlation_bands.R","halflife","plotted","gc",,"gc_content","start"
"feature_correlation_bands.R","halflife","plotted","gc",,"gc_content","stop"
"feature_correlation_bands.R","halflife","plotted","gc_skew",,"gc_skew","3utr"
"feature_correlation_bands.R","halflife","plotted","gc_skew",,"gc_skew","5utr"
"feature_correlation_bands.R","halflife","plotted","gc_skew",,"gc_skew","cds"
"feature_correlation_bands.R","halflife","plotted","gc_skew",,"gc_skew","last100"
"feature_correlation_bands.R","halflife","plotted","gc_skew",,"gc_skew","mrna"
"feature_correlation_bands.R","halflife","plotted","gc_skew",,"gc_skew","start"
"feature_correlation_bands.R","halflife","plotted","gc_skew",,"gc_skew","stop"
"feature_correlation_bands.R","halflife","plotted","lengths",,"length","3utr"
"feature_correlation_bands.R","halflife","plotted","lengths",,"length","5utr"
"feature_correlation_bands.R","halflife","plotted","lengths",,"length","cds"
"feature_correlation_bands.R","halflife","plotted","lengths",,"length","mrna"
"feature_correlation_bands.R","halflife","plotted","mfe_deltas",,"mfe_delta","3utr"
"feature_correlation_bands.R","halflife","plotted","mfe_deltas",,"mfe_delta","5utr"
"feature_correlation_bands.R","halflife","plotted","mfe_deltas",,"mfe_delta","cds"
"feature_correlation_bands.R","halflife","plotted","mfe_deltas",,"mfe_delta","last100"
"feature_correlation_bands.R","halflife","plotted","mfe_deltas",,"mfe_delta","mrna"
"feature_correlation_bands.R","halflife","plotted","mfe_deltas",,"mfe_delta","start"
"feature_correlation_bands.R","halflife","plotted","mfe_deltas",,"mfe_delta","stop"
"feature_correlation_bands.R","halflife","plotted","mfe_expected",,"mfe_expected","3utr"
"feature_correlation_bands.R","halflife","plotted","mfe_expected",,"mfe_expected","5utr"
"feature_correlation_bands.R","halflife","plotted","mfe_expected",,"mfe_expected","cds"
"feature_correlation_bands.R","halflife","plotted","mfe_expected",,"mfe_expected","last100"
"feature_correlation_bands.R","halflife","plotted","mfe_expected",,"mfe_expected","mrna"
"feature_correlation_bands.R","halflife","plotted","mfe_expected",,"mfe_expected","start"
"feature_correlation_bands.R","halflife","plotted","mfe_expected",,"mfe_expected","stop"
"feature_correlation_bands.R","halflife","plotted","nmd_alt_stop",,"nmd_alt_stop_codon_density","mrna"
"feature_correlation_bands.R","halflife","plotted","nmd_snv_fragile",,"nmd_snv_fragile_codon_density","mrna"
"feature_correlation_bands.R","halflife","plotted","nuc_ratios",,"frac_a","3utr"
"feature_correlation_bands.R","halflife","plotted","nuc_ratios",,"frac_a","5utr"
"feature_correlation_bands.R","halflife","plotted","nuc_ratios",,"frac_a","cds"
"feature_correlation_bands.R","halflife","plotted","nuc_ratios",,"frac_a","last100"
"feature_correlation_bands.R","halflife","plotted","nuc_ratios",,"frac_a","mrna"
"feature_correlation_bands.R","halflife","plotted","nuc_ratios",,"frac_a","start"
"feature_correlation_bands.R","halflife","plotted","nuc_ratios",,"frac_a","stop"
"feature_correlation_bands.R","halflife","plotted","nuc_ratios",,"frac_c","3utr"
"feature_correlation_bands.R","halflife","plotted","nuc_ratios",,"frac_c","5utr"
"feature_correlation_bands.R","halflife","plotted","nuc_ratios",,"frac_c","cds"
"feature_correlation_bands.R","halflife","plotted","nuc_ratios",,"frac_c","last100"
"feature_correlation_bands.R","halflife","plotted","nuc_ratios",,"frac_c","mrna"
"feature_correlation_bands.R","halflife","plotted","nuc_ratios",,"frac_c","start"
"feature_correlation_bands.R","halflife","plotted","nuc_ratios",,"frac_c","stop"
"feature_correlation_bands.R","halflife","plotted","nuc_ratios",,"frac_g","3utr"
"feature_correlation_bands.R","halflife","plotted","nuc_ratios",,"frac_g","5utr"
"feature_correlation_bands.R","halflife","plotted","nuc_ratios",,"frac_g","cds"
"feature_correlation_bands.R","halflife","plotted","nuc_ratios",,"frac_g","last100"
"feature_correlation_bands.R","halflife","plotted","nuc_ratios",,"frac_g","mrna"
"feature_correlation_bands.R","halflife","plotted","nuc_ratios",,"frac_g","start"
"feature_correlation_bands.R","halflife","plotted","nuc_ratios",,"frac_g","stop"
"feature_correlation_bands.R","halflife","plotted","nuc_ratios",,"frac_u","3utr"
"feature_correlation_bands.R","halflife","plotted","nuc_ratios",,"frac_u","5utr"
"feature_correlation_bands.R","halflife","plotted","nuc_ratios",,"frac_u","cds"
"feature_correlation_bands.R","halflife","plotted","nuc_ratios",,"frac_u","last100"
"feature_correlation_bands.R","halflife","plotted","nuc_ratios",,"frac_u","mrna"
"feature_correlation_bands.R","halflife","plotted","nuc_ratios",,"frac_u","start"
"feature_correlation_bands.R","halflife","plotted","nuc_ratios",,"frac_u","stop"
"feature_correlation_bands.R","halflife","plotted","purine_ratio",,"purine_ratio","3utr"
"feature_correlation_bands.R","halflife","plotted","purine_ratio",,"purine_ratio","5utr"
"feature_correlation_bands.R","halflife","plotted","purine_ratio",,"purine_ratio","cds"
"feature_correlation_bands.R","halflife","plotted","purine_ratio",,"purine_ratio","last100"
"feature_correlation_bands.R","halflife","plotted","purine_ratio",,"purine_ratio","mrna"
"feature_correlation_bands.R","halflife","plotted","purine_ratio",,"purine_ratio","start"
"feature_correlation_bands.R","halflife","plotted","purine_ratio",,"purine_ratio","stop"
"feature_correlation_bands.R","halflife","plotted","rnafold_per_nt",,"rnafold_per_nt","3utr"
"feature_correlation_bands.R","halflife","plotted","rnafold_per_nt",,"rnafold_per_nt","5utr"
"feature_correlation_bands.R","halflife","plotted","rnafold_per_nt",,"rnafold_per_nt","cds"
"feature_correlation_bands.R","halflife","plotted","rnafold_per_nt",,"rnafold_per_nt","last100"
"feature_correlation_bands.R","halflife","plotted","rnafold_per_nt",,"rnafold_per_nt","mrna"
"feature_correlation_bands.R","halflife","plotted","rnafold_per_nt",,"rnafold_per_nt","start"
"feature_correlation_bands.R","halflife","plotted","rnafold_per_nt",,"rnafold_per_nt","stop"
"feature_correlation_bands.R","halflife","plotted","rnafold_scores",,"rnafold_score","3utr"
"feature_correlation_bands.R","halflife","plotted","rnafold_scores",,"rnafold_score","5utr"
"feature_correlation_bands.R","halflife","plotted","rnafold_scores",,"rnafold_score","cds"
"feature_correlation_bands.R","halflife","plotted","rnafold_scores",,"rnafold_score","last100"
"feature_correlation_bands.R","halflife","plotted","rnafold_scores",,"rnafold_score","mrna"
"feature_correlation_bands.R","halflife","plotted","rnafold_scores",,"rnafold_score","start"
"feature_correlation_bands.R","halflife","plotted","rnafold_scores",,"rnafold_score","stop"
"feature_correlation_bands.R","halflife","plotted","rnafold_scores",,"rnafold_score","utrpair"
"feature_correlation_bands.R","halflife","plotted","rnafold_zscores",,"rnafold_zscore","3utr"
"feature_correlation_bands.R","halflife","plotted","rnafold_zscores",,"rnafold_zscore","5utr"
"feature_correlation_bands.R","halflife","plotted","rnafold_zscores",,"rnafold_zscore","cds"
"feature_correlation_bands.R","halflife","plotted","rnafold_zscores",,"rnafold_zscore","last100"
"feature_correlation_bands.R","halflife","plotted","rnafold_zscores",,"rnafold_zscore","mrna"
"feature_correlation_bands.R","halflife","plotted","rnafold_zscores",,"rnafold_zscore","start"
"feature_correlation_bands.R","halflife","plotted","rnafold_zscores",,"rnafold_zscore","stop"
"feature_correlation_bands.R","halflife","plotted","rnafold_zscores",,"rnafold_zscore","utrpair"
"feature_correlation_bands.R","halflife","plotted","rnalfold_scores",,"rnalfold_score","3utr"
"feature_correlation_bands.R","halflife","plotted","rnalfold_scores",,"rnalfold_score","5utr"
"feature_correlation_bands.R","halflife","plotted","rnalfold_scores",,"rnalfold_score","cds"
"feature_correlation_bands.R","halflife","plotted","rnalfold_scores",,"rnalfold_score","last100"
"feature_correlation_bands.R","halflife","plotted","rnalfold_scores",,"rnalfold_score","mrna"
"feature_correlation_bands.R","halflife","plotted","rnalfold_scores",,"rnalfold_score","start"
"feature_correlation_bands.R","halflife","plotted","rnalfold_scores",,"rnalfold_score","stop"
"feature_correlation_bands.R","halflife","plotted","rnalfold_zscores",,"rnalfold_zscore","3utr"
"feature_correlation_bands.R","halflife","plotted","rnalfold_zscores",,"rnalfold_zscore","5utr"
"feature_correlation_bands.R","halflife","plotted","rnalfold_zscores",,"rnalfold_zscore","cds"
"feature_correlation_bands.R","halflife","plotted","rnalfold_zscores",,"rnalfold_zscore","last100"
"feature_correlation_bands.R","halflife","plotted","rnalfold_zscores",,"rnalfold_zscore","mrna"
"feature_correlation_bands.R","halflife","plotted","rnalfold_zscores",,"rnalfold_zscore","start"
"feature_correlation_bands.R","halflife","plotted","rnalfold_zscores",,"rnalfold_zscore","stop"
"feature_correlation_bands.R","halflife","plotted","stopfree",,"stopfree_length","3utr"
"feature_correlation_bands.R","halflife","plotted","stopfree",,"stopfree_length","5utr"
"feature_correlation_bands.R","halflife","plotted","stopfree",,"stopfree_length","cds"
"feature_correlation_bands.R","halflife","plotted","stopfree",,"stopfree_length","mrna"
"feature_correlation_bands.R","halflife","plotted","uorf_present",,"uorf_present","mrna"
"feature_correlation_bands.R","halflife","selected","aa_freqs","aa_a_cds",,
"feature_correlation_bands.R","halflife","selected","aa_freqs","aa_c_cds",,
"feature_correlation_bands.R","halflife","selected","aa_freqs","aa_d_cds",,
"feature_correlation_bands.R","halflife","selected","aa_freqs","aa_e_cds",,
"feature_correlation_bands.R","halflife","selected","aa_freqs","aa_f_cds",,
"feature_correlation_bands.R","halflife","selected","aa_freqs","aa_g_cds",,
"feature_correlation_bands.R","halflife","selected","aa_freqs","aa_h_cds",,
"feature_correlation_bands.R","halflife","selected","aa_freqs","aa_i_cds",,
"feature_correlation_bands.R","halflife","selected","aa_freqs","aa_k_cds",,
"feature_correlation_bands.R","halflife","selected","aa_freqs","aa_l_cds",,
"feature_correlation_bands.R","halflife","selected","aa_freqs","aa_m_cds",,
"feature_correlation_bands.R","halflife","selected","aa_freqs","aa_n_cds",,
"feature_correlation_bands.R","halflife","selected","aa_freqs","aa_p_cds",,
"feature_correlation_bands.R","halflife","selected","aa_freqs","aa_q_cds",,
"feature_correlation_bands.R","halflife","selected","aa_freqs","aa_r_cds",,
"feature_correlation_bands.R","halflife","selected","aa_freqs","aa_s_cds",,
"feature_correlation_bands.R","halflife","selected","aa_freqs","aa_t_cds",,
"feature_correlation_bands.R","halflife","selected","aa_freqs","aa_v_cds",,
"feature_correlation_bands.R","halflife","selected","aa_freqs","aa_w_cds",,
"feature_correlation_bands.R","halflife","selected","aa_freqs","aa_y_cds",,
"feature_correlation_bands.R","halflife","selected","amino_ratio","amino_ratio_3utr",,
"feature_correlation_bands.R","halflife","selected","amino_ratio","amino_ratio_5utr",,
"feature_correlation_bands.R","halflife","selected","amino_ratio","amino_ratio_cds",,
"feature_correlation_bands.R","halflife","selected","amino_ratio","amino_ratio_last100",,
"feature_correlation_bands.R","halflife","selected","amino_ratio","amino_ratio_mrna",,
"feature_correlation_bands.R","halflife","selected","amino_ratio","amino_ratio_start",,
"feature_correlation_bands.R","halflife","selected","amino_ratio","amino_ratio_stop",,
"feature_correlation_bands.R","halflife","selected","at_skew","at_skew_3utr",,
"feature_correlation_bands.R","halflife","selected","at_skew","at_skew_5utr",,
"feature_correlation_bands.R","halflife","selected","at_skew","at_skew_cds",,
"feature_correlation_bands.R","halflife","selected","at_skew","at_skew_last100",,
"feature_correlation_bands.R","halflife","selected","at_skew","at_skew_mrna",,
"feature_correlation_bands.R","halflife","selected","at_skew","at_skew_start",,
"feature_correlation_bands.R","halflife","selected","at_skew","at_skew_stop",,
"feature_correlation_bands.R","halflife","selected","cai","cai_cds",,
"feature_correlation_bands.R","halflife","selected","codon_freqs","codon_aaa_cds",,
"feature_correlation_bands.R","halflife","selected","codon_freqs","codon_aac_cds",,
"feature_correlation_bands.R","halflife","selected","codon_freqs","codon_aag_cds",,
"feature_correlation_bands.R","halflife","selected","codon_freqs","codon_aau_cds",,
"feature_correlation_bands.R","halflife","selected","codon_freqs","codon_aca_cds",,
"feature_correlation_bands.R","halflife","selected","codon_freqs","codon_acc_cds",,
"feature_correlation_bands.R","halflife","selected","codon_freqs","codon_acg_cds",,
"feature_correlation_bands.R","halflife","selected","codon_freqs","codon_acu_cds",,
"feature_correlation_bands.R","halflife","selected","codon_freqs","codon_aga_cds",,
"feature_correlation_bands.R","halflife","selected","codon_freqs","codon_agc_cds",,
"feature_correlation_bands.R","halflife","selected","codon_freqs","codon_agg_cds",,
"feature_correlation_bands.R","halflife","selected","codon_freqs","codon_agu_cds",,
"feature_correlation_bands.R","halflife","selected","codon_freqs","codon_aua_cds",,
"feature_correlation_bands.R","halflife","selected","codon_freqs","codon_auc_cds",,
"feature_correlation_bands.R","halflife","selected","codon_freqs","codon_aug_cds",,
"feature_correlation_bands.R","halflife","selected","codon_freqs","codon_auu_cds",,
"feature_correlation_bands.R","halflife","selected","codon_freqs","codon_caa_cds",,
"feature_correlation_bands.R","halflife","selected","codon_freqs","codon_cac_cds",,
"feature_correlation_bands.R","halflife","selected","codon_freqs","codon_cag_cds",,
"feature_correlation_bands.R","halflife","selected","codon_freqs","codon_cau_cds",,
"feature_correlation_bands.R","halflife","selected","codon_freqs","codon_cca_cds",,
"feature_correlation_bands.R","halflife","selected","codon_freqs","codon_ccc_cds",,
"feature_correlation_bands.R","halflife","selected","codon_freqs","codon_ccg_cds",,
"feature_correlation_bands.R","halflife","selected","codon_freqs","codon_ccu_cds",,
"feature_correlation_bands.R","halflife","selected","codon_freqs","codon_cga_cds",,
"feature_correlation_bands.R","halflife","selected","codon_freqs","codon_cgc_cds",,
"feature_correlation_bands.R","halflife","selected","codon_freqs","codon_cgg_cds",,
"feature_correlation_bands.R","halflife","selected","codon_freqs","codon_cgu_cds",,
"feature_correlation_bands.R","halflife","selected","codon_freqs","codon_cua_cds",,
"feature_correlation_bands.R","halflife","selected","codon_freqs","codon_cuc_cds",,
"feature_correlation_bands.R","halflife","selected","codon_freqs","codon_cug_cds",,
"feature_correlation_bands.R","halflife","selected","codon_freqs","codon_cuu_cds",,
"feature_correlation_bands.R","halflife","selected","codon_freqs","codon_gaa_cds",,
"feature_correlation_bands.R","halflife","selected","codon_freqs","codon_gac_cds",,
"feature_correlation_bands.R","halflife","selected","codon_freqs","codon_gag_cds",,
"feature_correlation_bands.R","halflife","selected","codon_freqs","codon_gau_cds",,
"feature_correlation_bands.R","halflife","selected","codon_freqs","codon_gca_cds",,
"feature_correlation_bands.R","halflife","selected","codon_freqs","codon_gcc_cds",,
"feature_correlation_bands.R","halflife","selected","codon_freqs","codon_gcg_cds",,
"feature_correlation_bands.R","halflife","selected","codon_freqs","codon_gcu_cds",,
"feature_correlation_bands.R","halflife","selected","codon_freqs","codon_gga_cds",,
"feature_correlation_bands.R","halflife","selected","codon_freqs","codon_ggc_cds",,
"feature_correlation_bands.R","halflife","selected","codon_freqs","codon_ggg_cds",,
"feature_correlation_bands.R","halflife","selected","codon_freqs","codon_ggu_cds",,
"feature_correlation_bands.R","halflife","selected","codon_freqs","codon_gua_cds",,
"feature_correlation_bands.R","halflife","selected","codon_freqs","codon_guc_cds",,
"feature_correlation_bands.R","halflife","selected","codon_freqs","codon_gug_cds",,
"feature_correlation_bands.R","halflife","selected","codon_freqs","codon_guu_cds",,
"feature_correlation_bands.R","halflife","selected","codon_freqs","codon_uaa_cds",,
"feature_correlation_bands.R","halflife","selected","codon_freqs","codon_uac_cds",,
"feature_correlation_bands.R","halflife","selected","codon_freqs","codon_uag_cds",,
"feature_correlation_bands.R","halflife","selected","codon_freqs","codon_uau_cds",,
"feature_correlation_bands.R","halflife","selected","codon_freqs","codon_uca_cds",,
"feature_correlation_bands.R","halflife","selected","codon_freqs","codon_ucc_cds",,
"feature_correlation_bands.R","halflife","selected","codon_freqs","codon_ucg_cds",,
"feature_correlation_bands.R","halflife","selected","codon_freqs","codon_ucu_cds",,
"feature_correlation_bands.R","halflife","selected","codon_freqs","codon_uga_cds",,
"feature_correlation_bands.R","halflife","selected","codon_freqs","codon_ugc_cds",,
"feature_correlation_bands.R","halflife","selected","codon_freqs","codon_ugg_cds",,
"feature_correlation_bands.R","halflife","selected","codon_freqs","codon_ugu_cds",,
"feature_correlation_bands.R","halflife","selected","codon_freqs","codon_uua_cds",,
"feature_correlation_bands.R","halflife","selected","codon_freqs","codon_uuc_cds",,
"feature_correlation_bands.R","halflife","selected","codon_freqs","codon_uug_cds",,
"feature_correlation_bands.R","halflife","selected","codon_freqs","codon_uuu_cds",,
"feature_correlation_bands.R","halflife","selected","eej_dist_closest","eej_dist_closest_start",,
"feature_correlation_bands.R","halflife","selected","eej_dist_closest","eej_dist_closest_stop",,
"feature_correlation_bands.R","halflife","selected","exon_density","exon_density_mrna",,
"feature_correlation_bands.R","halflife","selected","gc","gc_content_3utr",,
"feature_correlation_bands.R","halflife","selected","gc","gc_content_5utr",,
"feature_correlation_bands.R","halflife","selected","gc","gc_content_cds",,
"feature_correlation_bands.R","halflife","selected","gc","gc_content_last100",,
"feature_correlation_bands.R","halflife","selected","gc","gc_content_mrna",,
"feature_correlation_bands.R","halflife","selected","gc","gc_content_start",,
"feature_correlation_bands.R","halflife","selected","gc","gc_content_stop",,
"feature_correlation_bands.R","halflife","selected","gc_skew","gc_skew_3utr",,
"feature_correlation_bands.R","halflife","selected","gc_skew","gc_skew_5utr",,
"feature_correlation_bands.R","halflife","selected","gc_skew","gc_skew_cds",,
"feature_correlation_bands.R","halflife","selected","gc_skew","gc_skew_last100",,
"feature_correlation_bands.R","halflife","selected","gc_skew","gc_skew_mrna",,
"feature_correlation_bands.R","halflife","selected","gc_skew","gc_skew_start",,
"feature_correlation_bands.R","halflife","selected","gc_skew","gc_skew_stop",,
"feature_correlation_bands.R","halflife","selected","lengths","length_3utr",,
"feature_correlation_bands.R","halflife","selected","lengths","length_5utr",,
"feature_correlation_bands.R","halflife","selected","lengths","length_cds",,
"feature_correlation_bands.R","halflife","selected","lengths","length_mrna",,
"feature_correlation_bands.R","halflife","selected","mfe_deltas","mfe_delta_3utr",,
"feature_correlation_bands.R","halflife","selected","mfe_deltas","mfe_delta_5utr",,
"feature_correlation_bands.R","halflife","selected","mfe_deltas","mfe_delta_cds",,
"feature_correlation_bands.R","halflife","selected","mfe_deltas","mfe_delta_last100",,
"feature_correlation_bands.R","halflife","selected","mfe_deltas","mfe_delta_mrna",,
"feature_correlation_bands.R","halflife","selected","mfe_deltas","mfe_delta_start",,
"feature_correlation_bands.R","halflife","selected","mfe_deltas","mfe_delta_stop",,
"feature_correlation_bands.R","halflife","selected","mfe_expected","mfe_expected_3utr",,
"feature_correlation_bands.R","halflife","selected","mfe_expected","mfe_expected_5utr",,
"feature_correlation_bands.R","halflife","selected","mfe_expected","mfe_expected_cds",,
"feature_correlation_bands.R","halflife","selected","mfe_expected","mfe_expected_last100",,
"feature_correlation_bands.R","halflife","selected","mfe_expected","mfe_expected_mrna",,
"feature_correlation_bands.R","halflife","selected","mfe_expected","mfe_expected_start",,
"feature_correlation_bands.R","halflife","selected","mfe_expected","mfe_expected_stop",,
"feature_correlation_bands.R","halflife","selected","nmd_alt_stop","nmd_alt_stop_codon_density_mrna",,
"feature_correlation_bands.R","halflife","selected","nmd_snv_fragile","nmd_snv_fragile_codon_density_mrna",,
"feature_correlation_bands.R","halflife","selected","nuc_ratios","frac_a_3utr",,
"feature_correlation_bands.R","halflife","selected","nuc_ratios","frac_a_5utr",,
"feature_correlation_bands.R","halflife","selected","nuc_ratios","frac_a_cds",,
"feature_correlation_bands.R","halflife","selected","nuc_ratios","frac_a_last100",,
"feature_correlation_bands.R","halflife","selected","nuc_ratios","frac_a_mrna",,
"feature_correlation_bands.R","halflife","selected","nuc_ratios","frac_a_start",,
"feature_correlation_bands.R","halflife","selected","nuc_ratios","frac_a_stop",,
"feature_correlation_bands.R","halflife","selected","nuc_ratios","frac_c_3utr",,
"feature_correlation_bands.R","halflife","selected","nuc_ratios","frac_c_5utr",,
"feature_correlation_bands.R","halflife","selected","nuc_ratios","frac_c_cds",,
"feature_correlation_bands.R","halflife","selected","nuc_ratios","frac_c_last100",,
"feature_correlation_bands.R","halflife","selected","nuc_ratios","frac_c_mrna",,
"feature_correlation_bands.R","halflife","selected","nuc_ratios","frac_c_start",,
"feature_correlation_bands.R","halflife","selected","nuc_ratios","frac_c_stop",,
"feature_correlation_bands.R","halflife","selected","nuc_ratios","frac_g_3utr",,
"feature_correlation_bands.R","halflife","selected","nuc_ratios","frac_g_5utr",,
"feature_correlation_bands.R","halflife","selected","nuc_ratios","frac_g_cds",,
"feature_correlation_bands.R","halflife","selected","nuc_ratios","frac_g_last100",,
"feature_correlation_bands.R","halflife","selected","nuc_ratios","frac_g_mrna",,
"feature_correlation_bands.R","halflife","selected","nuc_ratios","frac_g_start",,
"feature_correlation_bands.R","halflife","selected","nuc_ratios","frac_g_stop",,
"feature_correlation_bands.R","halflife","selected","nuc_ratios","frac_u_3utr",,
"feature_correlation_bands.R","halflife","selected","nuc_ratios","frac_u_5utr",,
"feature_correlation_bands.R","halflife","selected","nuc_ratios","frac_u_cds",,
"feature_correlation_bands.R","halflife","selected","nuc_ratios","frac_u_last100",,
"feature_correlation_bands.R","halflife","selected","nuc_ratios","frac_u_mrna",,
"feature_correlation_bands.R","halflife","selected","nuc_ratios","frac_u_start",,
"feature_correlation_bands.R","halflife","selected","nuc_ratios","frac_u_stop",,
"feature_correlation_bands.R","halflife","selected","purine_ratio","purine_ratio_3utr",,
"feature_correlation_bands.R","halflife","selected","purine_ratio","purine_ratio_5utr",,
"feature_correlation_bands.R","halflife","selected","purine_ratio","purine_ratio_cds",,
"feature_correlation_bands.R","halflife","selected","purine_ratio","purine_ratio_last100",,
"feature_correlation_bands.R","halflife","selected","purine_ratio","purine_ratio_mrna",,
"feature_correlation_bands.R","halflife","selected","purine_ratio","purine_ratio_start",,
"feature_correlation_bands.R","halflife","selected","purine_ratio","purine_ratio_stop",,
"feature_correlation_bands.R","halflife","selected","rnafold_per_nt","rnafold_per_nt_3utr",,
"feature_correlation_bands.R","halflife","selected","rnafold_per_nt","rnafold_per_nt_5utr",,
"feature_correlation_bands.R","halflife","selected","rnafold_per_nt","rnafold_per_nt_cds",,
"feature_correlation_bands.R","halflife","selected","rnafold_per_nt","rnafold_per_nt_last100",,
"feature_correlation_bands.R","halflife","selected","rnafold_per_nt","rnafold_per_nt_mrna",,
"feature_correlation_bands.R","halflife","selected","rnafold_per_nt","rnafold_per_nt_start",,
"feature_correlation_bands.R","halflife","selected","rnafold_per_nt","rnafold_per_nt_stop",,
"feature_correlation_bands.R","halflife","selected","rnafold_scores","rnafold_score_3utr",,
"feature_correlation_bands.R","halflife","selected","rnafold_scores","rnafold_score_5utr",,
"feature_correlation_bands.R","halflife","selected","rnafold_scores","rnafold_score_cds",,
"feature_correlation_bands.R","halflife","selected","rnafold_scores","rnafold_score_last100",,
"feature_correlation_bands.R","halflife","selected","rnafold_scores","rnafold_score_mrna",,
"feature_correlation_bands.R","halflife","selected","rnafold_scores","rnafold_score_start",,
"feature_correlation_bands.R","halflife","selected","rnafold_scores","rnafold_score_stop",,
"feature_correlation_bands.R","halflife","selected","rnafold_scores","rnafold_score_utrpair",,
"feature_correlation_bands.R","halflife","selected","rnafold_zscores","rnafold_zscore_3utr",,
"feature_correlation_bands.R","halflife","selected","rnafold_zscores","rnafold_zscore_5utr",,
"feature_correlation_bands.R","halflife","selected","rnafold_zscores","rnafold_zscore_cds",,
"feature_correlation_bands.R","halflife","selected","rnafold_zscores","rnafold_zscore_last100",,
"feature_correlation_bands.R","halflife","selected","rnafold_zscores","rnafold_zscore_mrna",,
"feature_correlation_bands.R","halflife","selected","rnafold_zscores","rnafold_zscore_start",,
"feature_correlation_bands.R","halflife","selected","rnafold_zscores","rnafold_zscore_stop",,
"feature_correlation_bands.R","halflife","selected","rnafold_zscores","rnafold_zscore_utrpair",,
"feature_correlation_bands.R","halflife","selected","rnalfold_scores","rnalfold_score_3utr",,
"feature_correlation_bands.R","halflife","selected","rnalfold_scores","rnalfold_score_5utr",,
"feature_correlation_bands.R","halflife","selected","rnalfold_scores","rnalfold_score_cds",,
"feature_correlation_bands.R","halflife","selected","rnalfold_scores","rnalfold_score_last100",,
"feature_correlation_bands.R","halflife","selected","rnalfold_scores","rnalfold_score_mrna",,
"feature_correlation_bands.R","halflife","selected","rnalfold_scores","rnalfold_score_start",,
"feature_correlation_bands.R","halflife","selected","rnalfold_scores","rnalfold_score_stop",,
"feature_correlation_bands.R","halflife","selected","rnalfold_zscores","rnalfold_zscore_3utr",,
"feature_correlation_bands.R","halflife","selected","rnalfold_zscores","rnalfold_zscore_5utr",,
"feature_correlation_bands.R","halflife","selected","rnalfold_zscores","rnalfold_zscore_cds",,
"feature_correlation_bands.R","halflife","selected","rnalfold_zscores","rnalfold_zscore_last100",,
"feature_correlation_bands.R","halflife","selected","rnalfold_zscores","rnalfold_zscore_mrna",,
"feature_correlation_bands.R","halflife","selected","rnalfold_zscores","rnalfold_zscore_start",,
"feature_correlation_bands.R","halflife","selected","rnalfold_zscores","rnalfold_zscore_stop",,
"feature_correlation_bands.R","halflife","selected","stopfree","stopfree_length_3utr",,
"feature_correlation_bands.R","halflife","selected","stopfree","stopfree_length_5utr",,
"feature_correlation_bands.R","halflife","selected","stopfree","stopfree_length_cds",,
"feature_correlation_bands.R","halflife","selected","stopfree","stopfree_length_mrna",,
"feature_correlation_bands.R","halflife","selected","uorf_present","uorf_present_mrna",,
"feature_correlation_bands.R","translation_efficiency","plotted","aa_freqs",,"aa_h","cds"
"feature_correlation_bands.R","translation_efficiency","plotted","aa_freqs",,"aa_s","cds"
"feature_correlation_bands.R","translation_efficiency","plotted","amino_ratio",,"amino_ratio","3utr"
"feature_correlation_bands.R","translation_efficiency","plotted","amino_ratio",,"amino_ratio","5utr"
"feature_correlation_bands.R","translation_efficiency","plotted","amino_ratio",,"amino_ratio","cds"
"feature_correlation_bands.R","translation_efficiency","plotted","amino_ratio",,"amino_ratio","last100"
"feature_correlation_bands.R","translation_efficiency","plotted","amino_ratio",,"amino_ratio","mrna"
"feature_correlation_bands.R","translation_efficiency","plotted","amino_ratio",,"amino_ratio","start"
"feature_correlation_bands.R","translation_efficiency","plotted","amino_ratio",,"amino_ratio","stop"
"feature_correlation_bands.R","translation_efficiency","plotted","at_skew",,"at_skew","3utr"
"feature_correlation_bands.R","translation_efficiency","plotted","at_skew",,"at_skew","5utr"
"feature_correlation_bands.R","translation_efficiency","plotted","at_skew",,"at_skew","cds"
"feature_correlation_bands.R","translation_efficiency","plotted","at_skew",,"at_skew","last100"
"feature_correlation_bands.R","translation_efficiency","plotted","at_skew",,"at_skew","mrna"
"feature_correlation_bands.R","translation_efficiency","plotted","at_skew",,"at_skew","start"
"feature_correlation_bands.R","translation_efficiency","plotted","at_skew",,"at_skew","stop"
"feature_correlation_bands.R","translation_efficiency","plotted","cai",,"cai","cds"
"feature_correlation_bands.R","translation_efficiency","plotted","codon_freqs",,"codon_agc","cds"
"feature_correlation_bands.R","translation_efficiency","plotted","codon_freqs",,"codon_cac","cds"
"feature_correlation_bands.R","translation_efficiency","plotted","eej_dist_closest",,"eej_dist_closest","start"
"feature_correlation_bands.R","translation_efficiency","plotted","eej_dist_closest",,"eej_dist_closest","stop"
"feature_correlation_bands.R","translation_efficiency","plotted","exon_density",,"exon_density","mrna"
"feature_correlation_bands.R","translation_efficiency","plotted","gc",,"gc_content","3utr"
"feature_correlation_bands.R","translation_efficiency","plotted","gc",,"gc_content","5utr"
"feature_correlation_bands.R","translation_efficiency","plotted","gc",,"gc_content","cds"
"feature_correlation_bands.R","translation_efficiency","plotted","gc",,"gc_content","last100"
"feature_correlation_bands.R","translation_efficiency","plotted","gc",,"gc_content","mrna"
"feature_correlation_bands.R","translation_efficiency","plotted","gc",,"gc_content","start"
"feature_correlation_bands.R","translation_efficiency","plotted","gc",,"gc_content","stop"
"feature_correlation_bands.R","translation_efficiency","plotted","gc_skew",,"gc_skew","3utr"
"feature_correlation_bands.R","translation_efficiency","plotted","gc_skew",,"gc_skew","5utr"
"feature_correlation_bands.R","translation_efficiency","plotted","gc_skew",,"gc_skew","cds"
"feature_correlation_bands.R","translation_efficiency","plotted","gc_skew",,"gc_skew","last100"
"feature_correlation_bands.R","translation_efficiency","plotted","gc_skew",,"gc_skew","mrna"
"feature_correlation_bands.R","translation_efficiency","plotted","gc_skew",,"gc_skew","start"
"feature_correlation_bands.R","translation_efficiency","plotted","gc_skew",,"gc_skew","stop"
"feature_correlation_bands.R","translation_efficiency","plotted","lengths",,"length","3utr"
"feature_correlation_bands.R","translation_efficiency","plotted","lengths",,"length","5utr"
"feature_correlation_bands.R","translation_efficiency","plotted","lengths",,"length","cds"
"feature_correlation_bands.R","translation_efficiency","plotted","lengths",,"length","mrna"
"feature_correlation_bands.R","translation_efficiency","plotted","mfe_deltas",,"mfe_delta","3utr"
"feature_correlation_bands.R","translation_efficiency","plotted","mfe_deltas",,"mfe_delta","5utr"
"feature_correlation_bands.R","translation_efficiency","plotted","mfe_deltas",,"mfe_delta","cds"
"feature_correlation_bands.R","translation_efficiency","plotted","mfe_deltas",,"mfe_delta","last100"
"feature_correlation_bands.R","translation_efficiency","plotted","mfe_deltas",,"mfe_delta","mrna"
"feature_correlation_bands.R","translation_efficiency","plotted","mfe_deltas",,"mfe_delta","start"
"feature_correlation_bands.R","translation_efficiency","plotted","mfe_deltas",,"mfe_delta","stop"
"feature_correlation_bands.R","translation_efficiency","plotted","mfe_expected",,"mfe_expected","3utr"
"feature_correlation_bands.R","translation_efficiency","plotted","mfe_expected",,"mfe_expected","5utr"
"feature_correlation_bands.R","translation_efficiency","plotted","mfe_expected",,"mfe_expected","cds"
"feature_correlation_bands.R","translation_efficiency","plotted","mfe_expected",,"mfe_expected","last100"
"feature_correlation_bands.R","translation_efficiency","plotted","mfe_expected",,"mfe_expected","mrna"
"feature_correlation_bands.R","translation_efficiency","plotted","mfe_expected",,"mfe_expected","start"
"feature_correlation_bands.R","translation_efficiency","plotted","mfe_expected",,"mfe_expected","stop"
"feature_correlation_bands.R","translation_efficiency","plotted","nmd_alt_stop",,"nmd_alt_stop_codon_density","mrna"
"feature_correlation_bands.R","translation_efficiency","plotted","nmd_snv_fragile",,"nmd_snv_fragile_codon_density","mrna"
"feature_correlation_bands.R","translation_efficiency","plotted","nuc_ratios",,"frac_a","3utr"
"feature_correlation_bands.R","translation_efficiency","plotted","nuc_ratios",,"frac_a","5utr"
"feature_correlation_bands.R","translation_efficiency","plotted","nuc_ratios",,"frac_a","cds"
"feature_correlation_bands.R","translation_efficiency","plotted","nuc_ratios",,"frac_a","last100"
"feature_correlation_bands.R","translation_efficiency","plotted","nuc_ratios",,"frac_a","mrna"
"feature_correlation_bands.R","translation_efficiency","plotted","nuc_ratios",,"frac_a","start"
"feature_correlation_bands.R","translation_efficiency","plotted","nuc_ratios",,"frac_a","stop"
"feature_correlation_bands.R","translation_efficiency","plotted","nuc_ratios",,"frac_c","3utr"
"feature_correlation_bands.R","translation_efficiency","plotted","nuc_ratios",,"frac_c","5utr"
"feature_correlation_bands.R","translation_efficiency","plotted","nuc_ratios",,"frac_c","cds"
"feature_correlation_bands.R","translation_efficiency","plotted","nuc_ratios",,"frac_c","last100"
"feature_correlation_bands.R","translation_efficiency","plotted","nuc_ratios",,"frac_c","mrna"
"feature_correlation_bands.R","translation_efficiency","plotted","nuc_ratios",,"frac_c","start"
"feature_correlation_bands.R","translation_efficiency","plotted","nuc_ratios",,"frac_c","stop"
"feature_correlation_bands.R","translation_efficiency","plotted","nuc_ratios",,"frac_g","3utr"
"feature_correlation_bands.R","translation_efficiency","plotted","nuc_ratios",,"frac_g","5utr"
"feature_correlation_bands.R","translation_efficiency","plotted","nuc_ratios",,"frac_g","cds"
"feature_correlation_bands.R","translation_efficiency","plotted","nuc_ratios",,"frac_g","last100"
"feature_correlation_bands.R","translation_efficiency","plotted","nuc_ratios",,"frac_g","mrna"
"feature_correlation_bands.R","translation_efficiency","plotted","nuc_ratios",,"frac_g","start"
"feature_correlation_bands.R","translation_efficiency","plotted","nuc_ratios",,"frac_g","stop"
"feature_correlation_bands.R","translation_efficiency","plotted","nuc_ratios",,"frac_u","3utr"
"feature_correlation_bands.R","translation_efficiency","plotted","nuc_ratios",,"frac_u","5utr"
"feature_correlation_bands.R","translation_efficiency","plotted","nuc_ratios",,"frac_u","cds"
"feature_correlation_bands.R","translation_efficiency","plotted","nuc_ratios",,"frac_u","last100"
"feature_correlation_bands.R","translation_efficiency","plotted","nuc_ratios",,"frac_u","mrna"
"feature_correlation_bands.R","translation_efficiency","plotted","nuc_ratios",,"frac_u","start"
"feature_correlation_bands.R","translation_efficiency","plotted","nuc_ratios",,"frac_u","stop"
"feature_correlation_bands.R","translation_efficiency","plotted","purine_ratio",,"purine_ratio","3utr"
"feature_correlation_bands.R","translation_efficiency","plotted","purine_ratio",,"purine_ratio","5utr"
"feature_correlation_bands.R","translation_efficiency","plotted","purine_ratio",,"purine_ratio","cds"
"feature_correlation_bands.R","translation_efficiency","plotted","purine_ratio",,"purine_ratio","last100"
"feature_correlation_bands.R","translation_efficiency","plotted","purine_ratio",,"purine_ratio","mrna"
"feature_correlation_bands.R","translation_efficiency","plotted","purine_ratio",,"purine_ratio","start"
"feature_correlation_bands.R","translation_efficiency","plotted","purine_ratio",,"purine_ratio","stop"
"feature_correlation_bands.R","translation_efficiency","plotted","rnafold_per_nt",,"rnafold_per_nt","3utr"
"feature_correlation_bands.R","translation_efficiency","plotted","rnafold_per_nt",,"rnafold_per_nt","5utr"
"feature_correlation_bands.R","translation_efficiency","plotted","rnafold_per_nt",,"rnafold_per_nt","cds"
"feature_correlation_bands.R","translation_efficiency","plotted","rnafold_per_nt",,"rnafold_per_nt","last100"
"feature_correlation_bands.R","translation_efficiency","plotted","rnafold_per_nt",,"rnafold_per_nt","mrna"
"feature_correlation_bands.R","translation_efficiency","plotted","rnafold_per_nt",,"rnafold_per_nt","start"
"feature_correlation_bands.R","translation_efficiency","plotted","rnafold_per_nt",,"rnafold_per_nt","stop"
"feature_correlation_bands.R","translation_efficiency","plotted","rnafold_scores",,"rnafold_score","3utr"
"feature_correlation_bands.R","translation_efficiency","plotted","rnafold_scores",,"rnafold_score","5utr"
"feature_correlation_bands.R","translation_efficiency","plotted","rnafold_scores",,"rnafold_score","cds"
"feature_correlation_bands.R","translation_efficiency","plotted","rnafold_scores",,"rnafold_score","last100"
"feature_correlation_bands.R","translation_efficiency","plotted","rnafold_scores",,"rnafold_score","mrna"
"feature_correlation_bands.R","translation_efficiency","plotted","rnafold_scores",,"rnafold_score","start"
"feature_correlation_bands.R","translation_efficiency","plotted","rnafold_scores",,"rnafold_score","stop"
"feature_correlation_bands.R","translation_efficiency","plotted","rnafold_scores",,"rnafold_score","utrpair"
"feature_correlation_bands.R","translation_efficiency","plotted","rnafold_zscores",,"rnafold_zscore","3utr"
"feature_correlation_bands.R","translation_efficiency","plotted","rnafold_zscores",,"rnafold_zscore","5utr"
"feature_correlation_bands.R","translation_efficiency","plotted","rnafold_zscores",,"rnafold_zscore","cds"
"feature_correlation_bands.R","translation_efficiency","plotted","rnafold_zscores",,"rnafold_zscore","last100"
"feature_correlation_bands.R","translation_efficiency","plotted","rnafold_zscores",,"rnafold_zscore","mrna"
"feature_correlation_bands.R","translation_efficiency","plotted","rnafold_zscores",,"rnafold_zscore","start"
"feature_correlation_bands.R","translation_efficiency","plotted","rnafold_zscores",,"rnafold_zscore","stop"
"feature_correlation_bands.R","translation_efficiency","plotted","rnafold_zscores",,"rnafold_zscore","utrpair"
"feature_correlation_bands.R","translation_efficiency","plotted","rnalfold_scores",,"rnalfold_score","3utr"
"feature_correlation_bands.R","translation_efficiency","plotted","rnalfold_scores",,"rnalfold_score","5utr"
"feature_correlation_bands.R","translation_efficiency","plotted","rnalfold_scores",,"rnalfold_score","cds"
"feature_correlation_bands.R","translation_efficiency","plotted","rnalfold_scores",,"rnalfold_score","last100"
"feature_correlation_bands.R","translation_efficiency","plotted","rnalfold_scores",,"rnalfold_score","mrna"
"feature_correlation_bands.R","translation_efficiency","plotted","rnalfold_scores",,"rnalfold_score","start"
"feature_correlation_bands.R","translation_efficiency","plotted","rnalfold_scores",,"rnalfold_score","stop"
"feature_correlation_bands.R","translation_efficiency","plotted","rnalfold_zscores",,"rnalfold_zscore","3utr"
"feature_correlation_bands.R","translation_efficiency","plotted","rnalfold_zscores",,"rnalfold_zscore","5utr"
"feature_correlation_bands.R","translation_efficiency","plotted","rnalfold_zscores",,"rnalfold_zscore","cds"
"feature_correlation_bands.R","translation_efficiency","plotted","rnalfold_zscores",,"rnalfold_zscore","last100"
"feature_correlation_bands.R","translation_efficiency","plotted","rnalfold_zscores",,"rnalfold_zscore","mrna"
"feature_correlation_bands.R","translation_efficiency","plotted","rnalfold_zscores",,"rnalfold_zscore","start"
"feature_correlation_bands.R","translation_efficiency","plotted","rnalfold_zscores",,"rnalfold_zscore","stop"
"feature_correlation_bands.R","translation_efficiency","plotted","stopfree",,"stopfree_length","3utr"
"feature_correlation_bands.R","translation_efficiency","plotted","stopfree",,"stopfree_length","5utr"
"feature_correlation_bands.R","translation_efficiency","plotted","stopfree",,"stopfree_length","cds"
"feature_correlation_bands.R","translation_efficiency","plotted","stopfree",,"stopfree_length","mrna"
"feature_correlation_bands.R","translation_efficiency","plotted","uorf_present",,"uorf_present","mrna"
"feature_correlation_bands.R","translation_efficiency","selected","aa_freqs","aa_a_cds",,
"feature_correlation_bands.R","translation_efficiency","selected","aa_freqs","aa_c_cds",,
"feature_correlation_bands.R","translation_efficiency","selected","aa_freqs","aa_d_cds",,
"feature_correlation_bands.R","translation_efficiency","selected","aa_freqs","aa_e_cds",,
"feature_correlation_bands.R","translation_efficiency","selected","aa_freqs","aa_f_cds",,
"feature_correlation_bands.R","translation_efficiency","selected","aa_freqs","aa_g_cds",,
"feature_correlation_bands.R","translation_efficiency","selected","aa_freqs","aa_h_cds",,
"feature_correlation_bands.R","translation_efficiency","selected","aa_freqs","aa_i_cds",,
"feature_correlation_bands.R","translation_efficiency","selected","aa_freqs","aa_k_cds",,
"feature_correlation_bands.R","translation_efficiency","selected","aa_freqs","aa_l_cds",,
"feature_correlation_bands.R","translation_efficiency","selected","aa_freqs","aa_m_cds",,
"feature_correlation_bands.R","translation_efficiency","selected","aa_freqs","aa_n_cds",,
"feature_correlation_bands.R","translation_efficiency","selected","aa_freqs","aa_p_cds",,
"feature_correlation_bands.R","translation_efficiency","selected","aa_freqs","aa_q_cds",,
"feature_correlation_bands.R","translation_efficiency","selected","aa_freqs","aa_r_cds",,
"feature_correlation_bands.R","translation_efficiency","selected","aa_freqs","aa_s_cds",,
"feature_correlation_bands.R","translation_efficiency","selected","aa_freqs","aa_t_cds",,
"feature_correlation_bands.R","translation_efficiency","selected","aa_freqs","aa_v_cds",,
"feature_correlation_bands.R","translation_efficiency","selected","aa_freqs","aa_w_cds",,
"feature_correlation_bands.R","translation_efficiency","selected","aa_freqs","aa_y_cds",,
"feature_correlation_bands.R","translation_efficiency","selected","amino_ratio","amino_ratio_3utr",,
"feature_correlation_bands.R","translation_efficiency","selected","amino_ratio","amino_ratio_5utr",,
"feature_correlation_bands.R","translation_efficiency","selected","amino_ratio","amino_ratio_cds",,
"feature_correlation_bands.R","translation_efficiency","selected","amino_ratio","amino_ratio_last100",,
"feature_correlation_bands.R","translation_efficiency","selected","amino_ratio","amino_ratio_mrna",,
"feature_correlation_bands.R","translation_efficiency","selected","amino_ratio","amino_ratio_start",,
"feature_correlation_bands.R","translation_efficiency","selected","amino_ratio","amino_ratio_stop",,
"feature_correlation_bands.R","translation_efficiency","selected","at_skew","at_skew_3utr",,
"feature_correlation_bands.R","translation_efficiency","selected","at_skew","at_skew_5utr",,
"feature_correlation_bands.R","translation_efficiency","selected","at_skew","at_skew_cds",,
"feature_correlation_bands.R","translation_efficiency","selected","at_skew","at_skew_last100",,
"feature_correlation_bands.R","translation_efficiency","selected","at_skew","at_skew_mrna",,
"feature_correlation_bands.R","translation_efficiency","selected","at_skew","at_skew_start",,
"feature_correlation_bands.R","translation_efficiency","selected","at_skew","at_skew_stop",,
"feature_correlation_bands.R","translation_efficiency","selected","cai","cai_cds",,
"feature_correlation_bands.R","translation_efficiency","selected","codon_freqs","codon_aaa_cds",,
"feature_correlation_bands.R","translation_efficiency","selected","codon_freqs","codon_aac_cds",,
"feature_correlation_bands.R","translation_efficiency","selected","codon_freqs","codon_aag_cds",,
"feature_correlation_bands.R","translation_efficiency","selected","codon_freqs","codon_aau_cds",,
"feature_correlation_bands.R","translation_efficiency","selected","codon_freqs","codon_aca_cds",,
"feature_correlation_bands.R","translation_efficiency","selected","codon_freqs","codon_acc_cds",,
"feature_correlation_bands.R","translation_efficiency","selected","codon_freqs","codon_acg_cds",,
"feature_correlation_bands.R","translation_efficiency","selected","codon_freqs","codon_acu_cds",,
"feature_correlation_bands.R","translation_efficiency","selected","codon_freqs","codon_aga_cds",,
"feature_correlation_bands.R","translation_efficiency","selected","codon_freqs","codon_agc_cds",,
"feature_correlation_bands.R","translation_efficiency","selected","codon_freqs","codon_agg_cds",,
"feature_correlation_bands.R","translation_efficiency","selected","codon_freqs","codon_agu_cds",,
"feature_correlation_bands.R","translation_efficiency","selected","codon_freqs","codon_aua_cds",,
"feature_correlation_bands.R","translation_efficiency","selected","codon_freqs","codon_auc_cds",,
"feature_correlation_bands.R","translation_efficiency","selected","codon_freqs","codon_aug_cds",,
"feature_correlation_bands.R","translation_efficiency","selected","codon_freqs","codon_auu_cds",,
"feature_correlation_bands.R","translation_efficiency","selected","codon_freqs","codon_caa_cds",,
"feature_correlation_bands.R","translation_efficiency","selected","codon_freqs","codon_cac_cds",,
"feature_correlation_bands.R","translation_efficiency","selected","codon_freqs","codon_cag_cds",,
"feature_correlation_bands.R","translation_efficiency","selected","codon_freqs","codon_cau_cds",,
"feature_correlation_bands.R","translation_efficiency","selected","codon_freqs","codon_cca_cds",,
"feature_correlation_bands.R","translation_efficiency","selected","codon_freqs","codon_ccc_cds",,
"feature_correlation_bands.R","translation_efficiency","selected","codon_freqs","codon_ccg_cds",,
"feature_correlation_bands.R","translation_efficiency","selected","codon_freqs","codon_ccu_cds",,
"feature_correlation_bands.R","translation_efficiency","selected","codon_freqs","codon_cga_cds",,
"feature_correlation_bands.R","translation_efficiency","selected","codon_freqs","codon_cgc_cds",,
"feature_correlation_bands.R","translation_efficiency","selected","codon_freqs","codon_cgg_cds",,
"feature_correlation_bands.R","translation_efficiency","selected","codon_freqs","codon_cgu_cds",,
"feature_correlation_bands.R","translation_efficiency","selected","codon_freqs","codon_cua_cds",,
"feature_correlation_bands.R","translation_efficiency","selected","codon_freqs","codon_cuc_cds",,
"feature_correlation_bands.R","translation_efficiency","selected","codon_freqs","codon_cug_cds",,
"feature_correlation_bands.R","translation_efficiency","selected","codon_freqs","codon_cuu_cds",,
"feature_correlation_bands.R","translation_efficiency","selected","codon_freqs","codon_gaa_cds",,
"feature_correlation_bands.R","translation_efficiency","selected","codon_freqs","codon_gac_cds",,
"feature_correlation_bands.R","translation_efficiency","selected","codon_freqs","codon_gag_cds",,
"feature_correlation_bands.R","translation_efficiency","selected","codon_freqs","codon_gau_cds",,
"feature_correlation_bands.R","translation_efficiency","selected","codon_freqs","codon_gca_cds",,
"feature_correlation_bands.R","translation_efficiency","selected","codon_freqs","codon_gcc_cds",,
"feature_correlation_bands.R","translation_efficiency","selected","codon_freqs","codon_gcg_cds",,
"feature_correlation_bands.R","translation_efficiency","selected","codon_freqs","codon_gcu_cds",,
"feature_correlation_bands.R","translation_efficiency","selected","codon_freqs","codon_gga_cds",,
"feature_correlation_bands.R","translation_efficiency","selected","codon_freqs","codon_ggc_cds",,
"feature_correlation_bands.R","translation_efficiency","selected","codon_freqs","codon_ggg_cds",,
"feature_correlation_bands.R","translation_efficiency","selected","codon_freqs","codon_ggu_cds",,
"feature_correlation_bands.R","translation_efficiency","selected","codon_freqs","codon_gua_cds",,
"feature_correlation_bands.R","translation_efficiency","selected","codon_freqs","codon_guc_cds",,
"feature_correlation_bands.R","translation_efficiency","selected","codon_freqs","codon_gug_cds",,
"feature_correlation_bands.R","translation_efficiency","selected","codon_freqs","codon_guu_cds",,
"feature_correlation_bands.R","translation_efficiency","selected","codon_freqs","codon_uaa_cds",,
"feature_correlation_bands.R","translation_efficiency","selected","codon_freqs","codon_uac_cds",,
"feature_correlation_bands.R","translation_efficiency","selected","codon_freqs","codon_uag_cds",,
"feature_correlation_bands.R","translation_efficiency","selected","codon_freqs","codon_uau_cds",,
"feature_correlation_bands.R","translation_efficiency","selected","codon_freqs","codon_uca_cds",,
"feature_correlation_bands.R","translation_efficiency","selected","codon_freqs","codon_ucc_cds",,
"feature_correlation_bands.R","translation_efficiency","selected","codon_freqs","codon_ucg_cds",,
"feature_correlation_bands.R","translation_efficiency","selected","codon_freqs","codon_ucu_cds",,
"feature_correlation_bands.R","translation_efficiency","selected","codon_freqs","codon_uga_cds",,
"feature_correlation_bands.R","translation_efficiency","selected","codon_freqs","codon_ugc_cds",,
"feature_correlation_bands.R","translation_efficiency","selected","codon_freqs","codon_ugg_cds",,
"feature_correlation_bands.R","translation_efficiency","selected","codon_freqs","codon_ugu_cds",,
"feature_correlation_bands.R","translation_efficiency","selected","codon_freqs","codon_uua_cds",,
"feature_correlation_bands.R","translation_efficiency","selected","codon_freqs","codon_uuc_cds",,
"feature_correlation_bands.R","translation_efficiency","selected","codon_freqs","codon_uug_cds",,
"feature_correlation_bands.R","translation_efficiency","selected","codon_freqs","codon_uuu_cds",,
"feature_correlation_bands.R","translation_efficiency","selected","eej_dist_closest","eej_dist_closest_start",,
"feature_correlation_bands.R","translation_efficiency","selected","eej_dist_closest","eej_dist_closest_stop",,
"feature_correlation_bands.R","translation_efficiency","selected","exon_density","exon_density_mrna",,
"feature_correlation_bands.R","translation_efficiency","selected","gc","gc_content_3utr",,
"feature_correlation_bands.R","translation_efficiency","selected","gc","gc_content_5utr",,
"feature_correlation_bands.R","translation_efficiency","selected","gc","gc_content_cds",,
"feature_correlation_bands.R","translation_efficiency","selected","gc","gc_content_last100",,
"feature_correlation_bands.R","translation_efficiency","selected","gc","gc_content_mrna",,
"feature_correlation_bands.R","translation_efficiency","selected","gc","gc_content_start",,
"feature_correlation_bands.R","translation_efficiency","selected","gc","gc_content_stop",,
"feature_correlation_bands.R","translation_efficiency","selected","gc_skew","gc_skew_3utr",,
"feature_correlation_bands.R","translation_efficiency","selected","gc_skew","gc_skew_5utr",,
"feature_correlation_bands.R","translation_efficiency","selected","gc_skew","gc_skew_cds",,
"feature_correlation_bands.R","translation_efficiency","selected","gc_skew","gc_skew_last100",,
"feature_correlation_bands.R","translation_efficiency","selected","gc_skew","gc_skew_mrna",,
"feature_correlation_bands.R","translation_efficiency","selected","gc_skew","gc_skew_start",,
"feature_correlation_bands.R","translation_efficiency","selected","gc_skew","gc_skew_stop",,
"feature_correlation_bands.R","translation_efficiency","selected","lengths","length_3utr",,
"feature_correlation_bands.R","translation_efficiency","selected","lengths","length_5utr",,
"feature_correlation_bands.R","translation_efficiency","selected","lengths","length_cds",,
"feature_correlation_bands.R","translation_efficiency","selected","lengths","length_mrna",,
"feature_correlation_bands.R","translation_efficiency","selected","mfe_deltas","mfe_delta_3utr",,
"feature_correlation_bands.R","translation_efficiency","selected","mfe_deltas","mfe_delta_5utr",,
"feature_correlation_bands.R","translation_efficiency","selected","mfe_deltas","mfe_delta_cds",,
"feature_correlation_bands.R","translation_efficiency","selected","mfe_deltas","mfe_delta_last100",,
"feature_correlation_bands.R","translation_efficiency","selected","mfe_deltas","mfe_delta_mrna",,
"feature_correlation_bands.R","translation_efficiency","selected","mfe_deltas","mfe_delta_start",,
"feature_correlation_bands.R","translation_efficiency","selected","mfe_deltas","mfe_delta_stop",,
"feature_correlation_bands.R","translation_efficiency","selected","mfe_expected","mfe_expected_3utr",,
"feature_correlation_bands.R","translation_efficiency","selected","mfe_expected","mfe_expected_5utr",,
"feature_correlation_bands.R","translation_efficiency","selected","mfe_expected","mfe_expected_cds",,
"feature_correlation_bands.R","translation_efficiency","selected","mfe_expected","mfe_expected_last100",,
"feature_correlation_bands.R","translation_efficiency","selected","mfe_expected","mfe_expected_mrna",,
"feature_correlation_bands.R","translation_efficiency","selected","mfe_expected","mfe_expected_start",,
"feature_correlation_bands.R","translation_efficiency","selected","mfe_expected","mfe_expected_stop",,
"feature_correlation_bands.R","translation_efficiency","selected","nmd_alt_stop","nmd_alt_stop_codon_density_mrna",,
"feature_correlation_bands.R","translation_efficiency","selected","nmd_snv_fragile","nmd_snv_fragile_codon_density_mrna",,
"feature_correlation_bands.R","translation_efficiency","selected","nuc_ratios","frac_a_3utr",,
"feature_correlation_bands.R","translation_efficiency","selected","nuc_ratios","frac_a_5utr",,
"feature_correlation_bands.R","translation_efficiency","selected","nuc_ratios","frac_a_cds",,
"feature_correlation_bands.R","translation_efficiency","selected","nuc_ratios","frac_a_last100",,
"feature_correlation_bands.R","translation_efficiency","selected","nuc_ratios","frac_a_mrna",,
"feature_correlation_bands.R","translation_efficiency","selected","nuc_ratios","frac_a_start",,
"feature_correlation_bands.R","translation_efficiency","selected","nuc_ratios","frac_a_stop",,
"feature_correlation_bands.R","translation_efficiency","selected","nuc_ratios","frac_c_3utr",,
"feature_correlation_bands.R","translation_efficiency","selected","nuc_ratios","frac_c_5utr",,
"feature_correlation_bands.R","translation_efficiency","selected","nuc_ratios","frac_c_cds",,
"feature_correlation_bands.R","translation_efficiency","selected","nuc_ratios","frac_c_last100",,
"feature_correlation_bands.R","translation_efficiency","selected","nuc_ratios","frac_c_mrna",,
"feature_correlation_bands.R","translation_efficiency","selected","nuc_ratios","frac_c_start",,
"feature_correlation_bands.R","translation_efficiency","selected","nuc_ratios","frac_c_stop",,
"feature_correlation_bands.R","translation_efficiency","selected","nuc_ratios","frac_g_3utr",,
"feature_correlation_bands.R","translation_efficiency","selected","nuc_ratios","frac_g_5utr",,
"feature_correlation_bands.R","translation_efficiency","selected","nuc_ratios","frac_g_cds",,
"feature_correlation_bands.R","translation_efficiency","selected","nuc_ratios","frac_g_last100",,
"feature_correlation_bands.R","translation_efficiency","selected","nuc_ratios","frac_g_mrna",,
"feature_correlation_bands.R","translation_efficiency","selected","nuc_ratios","frac_g_start",,
"feature_correlation_bands.R","translation_efficiency","selected","nuc_ratios","frac_g_stop",,
"feature_correlation_bands.R","translation_efficiency","selected","nuc_ratios","frac_u_3utr",,
"feature_correlation_bands.R","translation_efficiency","selected","nuc_ratios","frac_u_5utr",,
"feature_correlation_bands.R","translation_efficiency","selected","nuc_ratios","frac_u_cds",,
"feature_correlation_bands.R","translation_efficiency","selected","nuc_ratios","frac_u_last100",,
"feature_correlation_bands.R","translation_efficiency","selected","nuc_ratios","frac_u_mrna",,
"feature_correlation_bands.R","translation_efficiency","selected","nuc_ratios","frac_u_start",,
"feature_correlation_bands.R","translation_efficiency","selected","nuc_ratios","frac_u_stop",,
"feature_correlation_bands.R","translation_efficiency","selected","purine_ratio","purine_ratio_3utr",,
"feature_correlation_bands.R","translation_efficiency","selected","purine_ratio","purine_ratio_5utr",,
"feature_correlation_bands.R","translation_efficiency","selected","purine_ratio","purine_ratio_cds",,
"feature_correlation_bands.R","translation_efficiency","selected","purine_ratio","purine_ratio_last100",,
"feature_correlation_bands.R","translation_efficiency","selected","purine_ratio","purine_ratio_mrna",,
"feature_correlation_bands.R","translation_efficiency","selected","purine_ratio","purine_ratio_start",,
"feature_correlation_bands.R","translation_efficiency","selected","purine_ratio","purine_ratio_stop",,
"feature_correlation_bands.R","translation_efficiency","selected","rnafold_per_nt","rnafold_per_nt_3utr",,
"feature_correlation_bands.R","translation_efficiency","selected","rnafold_per_nt","rnafold_per_nt_5utr",,
"feature_correlation_bands.R","translation_efficiency","selected","rnafold_per_nt","rnafold_per_nt_cds",,
"feature_correlation_bands.R","translation_efficiency","selected","rnafold_per_nt","rnafold_per_nt_last100",,
"feature_correlation_bands.R","translation_efficiency","selected","rnafold_per_nt","rnafold_per_nt_mrna",,
"feature_correlation_bands.R","translation_efficiency","selected","rnafold_per_nt","rnafold_per_nt_start",,
"feature_correlation_bands.R","translation_efficiency","selected","rnafold_per_nt","rnafold_per_nt_stop",,
"feature_correlation_bands.R","translation_efficiency","selected","rnafold_scores","rnafold_score_3utr",,
"feature_correlation_bands.R","translation_efficiency","selected","rnafold_scores","rnafold_score_5utr",,
"feature_correlation_bands.R","translation_efficiency","selected","rnafold_scores","rnafold_score_cds",,
"feature_correlation_bands.R","translation_efficiency","selected","rnafold_scores","rnafold_score_last100",,
"feature_correlation_bands.R","translation_efficiency","selected","rnafold_scores","rnafold_score_mrna",,
"feature_correlation_bands.R","translation_efficiency","selected","rnafold_scores","rnafold_score_start",,
"feature_correlation_bands.R","translation_efficiency","selected","rnafold_scores","rnafold_score_stop",,
"feature_correlation_bands.R","translation_efficiency","selected","rnafold_scores","rnafold_score_utrpair",,
"feature_correlation_bands.R","translation_efficiency","selected","rnafold_zscores","rnafold_zscore_3utr",,
"feature_correlation_bands.R","translation_efficiency","selected","rnafold_zscores","rnafold_zscore_5utr",,
"feature_correlation_bands.R","translation_efficiency","selected","rnafold_zscores","rnafold_zscore_cds",,
"feature_correlation_bands.R","translation_efficiency","selected","rnafold_zscores","rnafold_zscore_last100",,
"feature_correlation_bands.R","translation_efficiency","selected","rnafold_zscores","rnafold_zscore_mrna",,
"feature_correlation_bands.R","translation_efficiency","selected","rnafold_zscores","rnafold_zscore_start",,
"feature_correlation_bands.R","translation_efficiency","selected","rnafold_zscores","rnafold_zscore_stop",,
"feature_correlation_bands.R","translation_efficiency","selected","rnafold_zscores","rnafold_zscore_utrpair",,
"feature_correlation_bands.R","translation_efficiency","selected","rnalfold_scores","rnalfold_score_3utr",,
"feature_correlation_bands.R","translation_efficiency","selected","rnalfold_scores","rnalfold_score_5utr",,
"feature_correlation_bands.R","translation_efficiency","selected","rnalfold_scores","rnalfold_score_cds",,
"feature_correlation_bands.R","translation_efficiency","selected","rnalfold_scores","rnalfold_score_last100",,
"feature_correlation_bands.R","translation_efficiency","selected","rnalfold_scores","rnalfold_score_mrna",,
"feature_correlation_bands.R","translation_efficiency","selected","rnalfold_scores","rnalfold_score_start",,
"feature_correlation_bands.R","translation_efficiency","selected","rnalfold_scores","rnalfold_score_stop",,
"feature_correlation_bands.R","translation_efficiency","selected","rnalfold_zscores","rnalfold_zscore_3utr",,
"feature_correlation_bands.R","translation_efficiency","selected","rnalfold_zscores","rnalfold_zscore_5utr",,
"feature_correlation_bands.R","translation_efficiency","selected","rnalfold_zscores","rnalfold_zscore_cds",,
"feature_correlation_bands.R","translation_efficiency","selected","rnalfold_zscores","rnalfold_zscore_last100",,
"feature_correlation_bands.R","translation_efficiency","selected","rnalfold_zscores","rnalfold_zscore_mrna",,
"feature_correlation_bands.R","translation_efficiency","selected","rnalfold_zscores","rnalfold_zscore_start",,
"feature_correlation_bands.R","translation_efficiency","selected","rnalfold_zscores","rnalfold_zscore_stop",,
"feature_correlation_bands.R","translation_efficiency","selected","stopfree","stopfree_length_3utr",,
"feature_correlation_bands.R","translation_efficiency","selected","stopfree","stopfree_length_5utr",,
"feature_correlation_bands.R","translation_efficiency","selected","stopfree","stopfree_length_cds",,
"feature_correlation_bands.R","translation_efficiency","selected","stopfree","stopfree_length_mrna",,
"feature_correlation_bands.R","translation_efficiency","selected","uorf_present","uorf_present_mrna",,
"feature_correlation_dotplot.R","halflife","plotted","aa_freqs",,"aa_s","cds"
"feature_correlation_dotplot.R","halflife","plotted","aa_freqs",,"aa_v","cds"
"feature_correlation_dotplot.R","halflife","plotted","amino_ratio",,"amino_ratio","3utr"
"feature_correlation_dotplot.R","halflife","plotted","amino_ratio",,"amino_ratio","5utr"
"feature_correlation_dotplot.R","halflife","plotted","amino_ratio",,"amino_ratio","cds"
"feature_correlation_dotplot.R","halflife","plotted","amino_ratio",,"amino_ratio","last100"
"feature_correlation_dotplot.R","halflife","plotted","amino_ratio",,"amino_ratio","mrna"
"feature_correlation_dotplot.R","halflife","plotted","amino_ratio",,"amino_ratio","start"
"feature_correlation_dotplot.R","halflife","plotted","amino_ratio",,"amino_ratio","stop"
"feature_correlation_dotplot.R","halflife","plotted","at_skew",,"at_skew","3utr"
"feature_correlation_dotplot.R","halflife","plotted","at_skew",,"at_skew","5utr"
"feature_correlation_dotplot.R","halflife","plotted","at_skew",,"at_skew","cds"
"feature_correlation_dotplot.R","halflife","plotted","at_skew",,"at_skew","last100"
"feature_correlation_dotplot.R","halflife","plotted","at_skew",,"at_skew","mrna"
"feature_correlation_dotplot.R","halflife","plotted","at_skew",,"at_skew","start"
"feature_correlation_dotplot.R","halflife","plotted","at_skew",,"at_skew","stop"
"feature_correlation_dotplot.R","halflife","plotted","cai",,"cai","cds"
"feature_correlation_dotplot.R","halflife","plotted","codon_freqs",,"codon_agu","cds"
"feature_correlation_dotplot.R","halflife","plotted","codon_freqs",,"codon_uca","cds"
"feature_correlation_dotplot.R","halflife","plotted","eej_dist_closest",,"eej_dist_closest","start"
"feature_correlation_dotplot.R","halflife","plotted","eej_dist_closest",,"eej_dist_closest","stop"
"feature_correlation_dotplot.R","halflife","plotted","exon_density",,"exon_density","mrna"
"feature_correlation_dotplot.R","halflife","plotted","gc",,"gc_content","3utr"
"feature_correlation_dotplot.R","halflife","plotted","gc",,"gc_content","5utr"
"feature_correlation_dotplot.R","halflife","plotted","gc",,"gc_content","cds"
"feature_correlation_dotplot.R","halflife","plotted","gc",,"gc_content","last100"
"feature_correlation_dotplot.R","halflife","plotted","gc",,"gc_content","mrna"
"feature_correlation_dotplot.R","halflife","plotted","gc",,"gc_content","start"
"feature_correlation_dotplot.R","halflife","plotted","gc",,"gc_content","stop"
"feature_correlation_dotplot.R","halflife","plotted","gc_skew",,"gc_skew","3utr"
"feature_correlation_dotplot.R","halflife","plotted","gc_skew",,"gc_skew","5utr"
"feature_correlation_dotplot.R","halflife","plotted","gc_skew",,"gc_skew","cds"
"feature_correlation_dotplot.R","halflife","plotted","gc_skew",,"gc_skew","last100"
"feature_correlation_dotplot.R","halflife","plotted","gc_skew",,"gc_skew","mrna"
"feature_correlation_dotplot.R","halflife","plotted","gc_skew",,"gc_skew","start"
"feature_correlation_dotplot.R","halflife","plotted","gc_skew",,"gc_skew","stop"
"feature_correlation_dotplot.R","halflife","plotted","lengths",,"length","3utr"
"feature_correlation_dotplot.R","halflife","plotted","lengths",,"length","5utr"
"feature_correlation_dotplot.R","halflife","plotted","lengths",,"length","cds"
"feature_correlation_dotplot.R","halflife","plotted","lengths",,"length","mrna"
"feature_correlation_dotplot.R","halflife","plotted","mfe_deltas",,"mfe_delta","3utr"
"feature_correlation_dotplot.R","halflife","plotted","mfe_deltas",,"mfe_delta","5utr"
"feature_correlation_dotplot.R","halflife","plotted","mfe_deltas",,"mfe_delta","cds"
"feature_correlation_dotplot.R","halflife","plotted","mfe_deltas",,"mfe_delta","last100"
"feature_correlation_dotplot.R","halflife","plotted","mfe_deltas",,"mfe_delta","mrna"
"feature_correlation_dotplot.R","halflife","plotted","mfe_deltas",,"mfe_delta","start"
"feature_correlation_dotplot.R","halflife","plotted","mfe_deltas",,"mfe_delta","stop"
"feature_correlation_dotplot.R","halflife","plotted","mfe_expected",,"mfe_expected","3utr"
"feature_correlation_dotplot.R","halflife","plotted","mfe_expected",,"mfe_expected","5utr"
"feature_correlation_dotplot.R","halflife","plotted","mfe_expected",,"mfe_expected","cds"
"feature_correlation_dotplot.R","halflife","plotted","mfe_expected",,"mfe_expected","last100"
"feature_correlation_dotplot.R","halflife","plotted","mfe_expected",,"mfe_expected","mrna"
"feature_correlation_dotplot.R","halflife","plotted","mfe_expected",,"mfe_expected","start"
"feature_correlation_dotplot.R","halflife","plotted","mfe_expected",,"mfe_expected","stop"
"feature_correlation_dotplot.R","halflife","plotted","nmd_alt_stop",,"nmd_alt_stop_codon_density","mrna"
"feature_correlation_dotplot.R","halflife","plotted","nmd_snv_fragile",,"nmd_snv_fragile_codon_density","mrna"
"feature_correlation_dotplot.R","halflife","plotted","nuc_ratios",,"frac_a","3utr"
"feature_correlation_dotplot.R","halflife","plotted","nuc_ratios",,"frac_a","5utr"
"feature_correlation_dotplot.R","halflife","plotted","nuc_ratios",,"frac_a","cds"
"feature_correlation_dotplot.R","halflife","plotted","nuc_ratios",,"frac_a","last100"
"feature_correlation_dotplot.R","halflife","plotted","nuc_ratios",,"frac_a","mrna"
"feature_correlation_dotplot.R","halflife","plotted","nuc_ratios",,"frac_a","start"
"feature_correlation_dotplot.R","halflife","plotted","nuc_ratios",,"frac_a","stop"
"feature_correlation_dotplot.R","halflife","plotted","nuc_ratios",,"frac_c","3utr"
"feature_correlation_dotplot.R","halflife","plotted","nuc_ratios",,"frac_c","5utr"
"feature_correlation_dotplot.R","halflife","plotted","nuc_ratios",,"frac_c","cds"
"feature_correlation_dotplot.R","halflife","plotted","nuc_ratios",,"frac_c","last100"
"feature_correlation_dotplot.R","halflife","plotted","nuc_ratios",,"frac_c","mrna"
"feature_correlation_dotplot.R","halflife","plotted","nuc_ratios",,"frac_c","start"
"feature_correlation_dotplot.R","halflife","plotted","nuc_ratios",,"frac_c","stop"
"feature_correlation_dotplot.R","halflife","plotted","nuc_ratios",,"frac_g","3utr"
"feature_correlation_dotplot.R","halflife","plotted","nuc_ratios",,"frac_g","5utr"
"feature_correlation_dotplot.R","halflife","plotted","nuc_ratios",,"frac_g","cds"
"feature_correlation_dotplot.R","halflife","plotted","nuc_ratios",,"frac_g","last100"
"feature_correlation_dotplot.R","halflife","plotted","nuc_ratios",,"frac_g","mrna"
"feature_correlation_dotplot.R","halflife","plotted","nuc_ratios",,"frac_g","start"
"feature_correlation_dotplot.R","halflife","plotted","nuc_ratios",,"frac_g","stop"
"feature_correlation_dotplot.R","halflife","plotted","nuc_ratios",,"frac_u","3utr"
"feature_correlation_dotplot.R","halflife","plotted","nuc_ratios",,"frac_u","5utr"
"feature_correlation_dotplot.R","halflife","plotted","nuc_ratios",,"frac_u","cds"
"feature_correlation_dotplot.R","halflife","plotted","nuc_ratios",,"frac_u","last100"
"feature_correlation_dotplot.R","halflife","plotted","nuc_ratios",,"frac_u","mrna"
"feature_correlation_dotplot.R","halflife","plotted","nuc_ratios",,"frac_u","start"
"feature_correlation_dotplot.R","halflife","plotted","nuc_ratios",,"frac_u","stop"
"feature_correlation_dotplot.R","halflife","plotted","probing",,"gini_cytoplasm","3utr"
"feature_correlation_dotplot.R","halflife","plotted","probing",,"gini_cytoplasm","5utr"
"feature_correlation_dotplot.R","halflife","plotted","probing",,"gini_cytoplasm","cds"
"feature_correlation_dotplot.R","halflife","plotted","probing",,"gini_cytoplasm","mrna"
"feature_correlation_dotplot.R","halflife","plotted","purine_ratio",,"purine_ratio","3utr"
"feature_correlation_dotplot.R","halflife","plotted","purine_ratio",,"purine_ratio","5utr"
"feature_correlation_dotplot.R","halflife","plotted","purine_ratio",,"purine_ratio","cds"
"feature_correlation_dotplot.R","halflife","plotted","purine_ratio",,"purine_ratio","last100"
"feature_correlation_dotplot.R","halflife","plotted","purine_ratio",,"purine_ratio","mrna"
"feature_correlation_dotplot.R","halflife","plotted","purine_ratio",,"purine_ratio","start"
"feature_correlation_dotplot.R","halflife","plotted","purine_ratio",,"purine_ratio","stop"
"feature_correlation_dotplot.R","halflife","plotted","rnafold_per_nt",,"rnafold_per_nt","3utr"
"feature_correlation_dotplot.R","halflife","plotted","rnafold_per_nt",,"rnafold_per_nt","5utr"
"feature_correlation_dotplot.R","halflife","plotted","rnafold_per_nt",,"rnafold_per_nt","cds"
"feature_correlation_dotplot.R","halflife","plotted","rnafold_per_nt",,"rnafold_per_nt","last100"
"feature_correlation_dotplot.R","halflife","plotted","rnafold_per_nt",,"rnafold_per_nt","mrna"
"feature_correlation_dotplot.R","halflife","plotted","rnafold_per_nt",,"rnafold_per_nt","start"
"feature_correlation_dotplot.R","halflife","plotted","rnafold_per_nt",,"rnafold_per_nt","stop"
"feature_correlation_dotplot.R","halflife","plotted","rnafold_scores",,"rnafold_score","3utr"
"feature_correlation_dotplot.R","halflife","plotted","rnafold_scores",,"rnafold_score","5utr"
"feature_correlation_dotplot.R","halflife","plotted","rnafold_scores",,"rnafold_score","cds"
"feature_correlation_dotplot.R","halflife","plotted","rnafold_scores",,"rnafold_score","last100"
"feature_correlation_dotplot.R","halflife","plotted","rnafold_scores",,"rnafold_score","mrna"
"feature_correlation_dotplot.R","halflife","plotted","rnafold_scores",,"rnafold_score","start"
"feature_correlation_dotplot.R","halflife","plotted","rnafold_scores",,"rnafold_score","stop"
"feature_correlation_dotplot.R","halflife","plotted","rnafold_scores",,"rnafold_score","utrpair"
"feature_correlation_dotplot.R","halflife","plotted","rnafold_zscores",,"rnafold_zscore","3utr"
"feature_correlation_dotplot.R","halflife","plotted","rnafold_zscores",,"rnafold_zscore","5utr"
"feature_correlation_dotplot.R","halflife","plotted","rnafold_zscores",,"rnafold_zscore","cds"
"feature_correlation_dotplot.R","halflife","plotted","rnafold_zscores",,"rnafold_zscore","last100"
"feature_correlation_dotplot.R","halflife","plotted","rnafold_zscores",,"rnafold_zscore","mrna"
"feature_correlation_dotplot.R","halflife","plotted","rnafold_zscores",,"rnafold_zscore","start"
"feature_correlation_dotplot.R","halflife","plotted","rnafold_zscores",,"rnafold_zscore","stop"
"feature_correlation_dotplot.R","halflife","plotted","rnafold_zscores",,"rnafold_zscore","utrpair"
"feature_correlation_dotplot.R","halflife","plotted","rnalfold_scores",,"rnalfold_score","3utr"
"feature_correlation_dotplot.R","halflife","plotted","rnalfold_scores",,"rnalfold_score","5utr"
"feature_correlation_dotplot.R","halflife","plotted","rnalfold_scores",,"rnalfold_score","cds"
"feature_correlation_dotplot.R","halflife","plotted","rnalfold_scores",,"rnalfold_score","last100"
"feature_correlation_dotplot.R","halflife","plotted","rnalfold_scores",,"rnalfold_score","mrna"
"feature_correlation_dotplot.R","halflife","plotted","rnalfold_scores",,"rnalfold_score","start"
"feature_correlation_dotplot.R","halflife","plotted","rnalfold_scores",,"rnalfold_score","stop"
"feature_correlation_dotplot.R","halflife","plotted","rnalfold_zscores",,"rnalfold_zscore","3utr"
"feature_correlation_dotplot.R","halflife","plotted","rnalfold_zscores",,"rnalfold_zscore","5utr"
"feature_correlation_dotplot.R","halflife","plotted","rnalfold_zscores",,"rnalfold_zscore","cds"
"feature_correlation_dotplot.R","halflife","plotted","rnalfold_zscores",,"rnalfold_zscore","last100"
"feature_correlation_dotplot.R","halflife","plotted","rnalfold_zscores",,"rnalfold_zscore","mrna"
"feature_correlation_dotplot.R","halflife","plotted","rnalfold_zscores",,"rnalfold_zscore","start"
"feature_correlation_dotplot.R","halflife","plotted","rnalfold_zscores",,"rnalfold_zscore","stop"
"feature_correlation_dotplot.R","halflife","plotted","stopfree",,"stopfree_length","3utr"
"feature_correlation_dotplot.R","halflife","plotted","stopfree",,"stopfree_length","5utr"
"feature_correlation_dotplot.R","halflife","plotted","stopfree",,"stopfree_length","cds"
"feature_correlation_dotplot.R","halflife","plotted","stopfree",,"stopfree_length","mrna"
"feature_correlation_dotplot.R","halflife","plotted","uorf_present",,"uorf_present","mrna"
"feature_correlation_dotplot.R","halflife","selected","aa_freqs","aa_s_cds",,
"feature_correlation_dotplot.R","halflife","selected","aa_freqs","aa_v_cds",,
"feature_correlation_dotplot.R","halflife","selected","amino_ratio","amino_ratio_3utr",,
"feature_correlation_dotplot.R","halflife","selected","amino_ratio","amino_ratio_5utr",,
"feature_correlation_dotplot.R","halflife","selected","amino_ratio","amino_ratio_cds",,
"feature_correlation_dotplot.R","halflife","selected","amino_ratio","amino_ratio_last100",,
"feature_correlation_dotplot.R","halflife","selected","amino_ratio","amino_ratio_mrna",,
"feature_correlation_dotplot.R","halflife","selected","amino_ratio","amino_ratio_start",,
"feature_correlation_dotplot.R","halflife","selected","amino_ratio","amino_ratio_stop",,
"feature_correlation_dotplot.R","halflife","selected","at_skew","at_skew_3utr",,
"feature_correlation_dotplot.R","halflife","selected","at_skew","at_skew_5utr",,
"feature_correlation_dotplot.R","halflife","selected","at_skew","at_skew_cds",,
"feature_correlation_dotplot.R","halflife","selected","at_skew","at_skew_last100",,
"feature_correlation_dotplot.R","halflife","selected","at_skew","at_skew_mrna",,
"feature_correlation_dotplot.R","halflife","selected","at_skew","at_skew_start",,
"feature_correlation_dotplot.R","halflife","selected","at_skew","at_skew_stop",,
"feature_correlation_dotplot.R","halflife","selected","cai","cai_cds",,
"feature_correlation_dotplot.R","halflife","selected","codon_freqs","codon_agu_cds",,
"feature_correlation_dotplot.R","halflife","selected","codon_freqs","codon_uca_cds",,
"feature_correlation_dotplot.R","halflife","selected","eej_dist_closest","eej_dist_closest_start",,
"feature_correlation_dotplot.R","halflife","selected","eej_dist_closest","eej_dist_closest_stop",,
"feature_correlation_dotplot.R","halflife","selected","exon_density","exon_density_mrna",,
"feature_correlation_dotplot.R","halflife","selected","gc","gc_content_3utr",,
"feature_correlation_dotplot.R","halflife","selected","gc","gc_content_5utr",,
"feature_correlation_dotplot.R","halflife","selected","gc","gc_content_cds",,
"feature_correlation_dotplot.R","halflife","selected","gc","gc_content_last100",,
"feature_correlation_dotplot.R","halflife","selected","gc","gc_content_mrna",,
"feature_correlation_dotplot.R","halflife","selected","gc","gc_content_start",,
"feature_correlation_dotplot.R","halflife","selected","gc","gc_content_stop",,
"feature_correlation_dotplot.R","halflife","selected","gc_skew","gc_skew_3utr",,
"feature_correlation_dotplot.R","halflife","selected","gc_skew","gc_skew_5utr",,
"feature_correlation_dotplot.R","halflife","selected","gc_skew","gc_skew_cds",,
"feature_correlation_dotplot.R","halflife","selected","gc_skew","gc_skew_last100",,
"feature_correlation_dotplot.R","halflife","selected","gc_skew","gc_skew_mrna",,
"feature_correlation_dotplot.R","halflife","selected","gc_skew","gc_skew_start",,
"feature_correlation_dotplot.R","halflife","selected","gc_skew","gc_skew_stop",,
"feature_correlation_dotplot.R","halflife","selected","lengths","length_3utr",,
"feature_correlation_dotplot.R","halflife","selected","lengths","length_5utr",,
"feature_correlation_dotplot.R","halflife","selected","lengths","length_cds",,
"feature_correlation_dotplot.R","halflife","selected","lengths","length_mrna",,
"feature_correlation_dotplot.R","halflife","selected","mfe_deltas","mfe_delta_3utr",,
"feature_correlation_dotplot.R","halflife","selected","mfe_deltas","mfe_delta_5utr",,
"feature_correlation_dotplot.R","halflife","selected","mfe_deltas","mfe_delta_cds",,
"feature_correlation_dotplot.R","halflife","selected","mfe_deltas","mfe_delta_last100",,
"feature_correlation_dotplot.R","halflife","selected","mfe_deltas","mfe_delta_mrna",,
"feature_correlation_dotplot.R","halflife","selected","mfe_deltas","mfe_delta_start",,
"feature_correlation_dotplot.R","halflife","selected","mfe_deltas","mfe_delta_stop",,
"feature_correlation_dotplot.R","halflife","selected","mfe_expected","mfe_expected_3utr",,
"feature_correlation_dotplot.R","halflife","selected","mfe_expected","mfe_expected_5utr",,
"feature_correlation_dotplot.R","halflife","selected","mfe_expected","mfe_expected_cds",,
"feature_correlation_dotplot.R","halflife","selected","mfe_expected","mfe_expected_last100",,
"feature_correlation_dotplot.R","halflife","selected","mfe_expected","mfe_expected_mrna",,
"feature_correlation_dotplot.R","halflife","selected","mfe_expected","mfe_expected_start",,
"feature_correlation_dotplot.R","halflife","selected","mfe_expected","mfe_expected_stop",,
"feature_correlation_dotplot.R","halflife","selected","nmd_alt_stop","nmd_alt_stop_codon_density_mrna",,
"feature_correlation_dotplot.R","halflife","selected","nmd_snv_fragile","nmd_snv_fragile_codon_density_mrna",,
"feature_correlation_dotplot.R","halflife","selected","nuc_ratios","frac_a_3utr",,
"feature_correlation_dotplot.R","halflife","selected","nuc_ratios","frac_a_5utr",,
"feature_correlation_dotplot.R","halflife","selected","nuc_ratios","frac_a_cds",,
"feature_correlation_dotplot.R","halflife","selected","nuc_ratios","frac_a_last100",,
"feature_correlation_dotplot.R","halflife","selected","nuc_ratios","frac_a_mrna",,
"feature_correlation_dotplot.R","halflife","selected","nuc_ratios","frac_a_start",,
"feature_correlation_dotplot.R","halflife","selected","nuc_ratios","frac_a_stop",,
"feature_correlation_dotplot.R","halflife","selected","nuc_ratios","frac_c_3utr",,
"feature_correlation_dotplot.R","halflife","selected","nuc_ratios","frac_c_5utr",,
"feature_correlation_dotplot.R","halflife","selected","nuc_ratios","frac_c_cds",,
"feature_correlation_dotplot.R","halflife","selected","nuc_ratios","frac_c_last100",,
"feature_correlation_dotplot.R","halflife","selected","nuc_ratios","frac_c_mrna",,
"feature_correlation_dotplot.R","halflife","selected","nuc_ratios","frac_c_start",,
"feature_correlation_dotplot.R","halflife","selected","nuc_ratios","frac_c_stop",,
"feature_correlation_dotplot.R","halflife","selected","nuc_ratios","frac_g_3utr",,
"feature_correlation_dotplot.R","halflife","selected","nuc_ratios","frac_g_5utr",,
"feature_correlation_dotplot.R","halflife","selected","nuc_ratios","frac_g_cds",,
"feature_correlation_dotplot.R","halflife","selected","nuc_ratios","frac_g_last100",,
"feature_correlation_dotplot.R","halflife","selected","nuc_ratios","frac_g_mrna",,
"feature_correlation_dotplot.R","halflife","selected","nuc_ratios","frac_g_start",,
"feature_correlation_dotplot.R","halflife","selected","nuc_ratios","frac_g_stop",,
"feature_correlation_dotplot.R","halflife","selected","nuc_ratios","frac_u_3utr",,
"feature_correlation_dotplot.R","halflife","selected","nuc_ratios","frac_u_5utr",,
"feature_correlation_dotplot.R","halflife","selected","nuc_ratios","frac_u_cds",,
"feature_correlation_dotplot.R","halflife","selected","nuc_ratios","frac_u_last100",,
"feature_correlation_dotplot.R","halflife","selected","nuc_ratios","frac_u_mrna",,
"feature_correlation_dotplot.R","halflife","selected","nuc_ratios","frac_u_start",,
"feature_correlation_dotplot.R","halflife","selected","nuc_ratios","frac_u_stop",,
"feature_correlation_dotplot.R","halflife","selected","probing","gini_cytoplasm_3utr",,
"feature_correlation_dotplot.R","halflife","selected","probing","gini_cytoplasm_5utr",,
"feature_correlation_dotplot.R","halflife","selected","probing","gini_cytoplasm_cds",,
"feature_correlation_dotplot.R","halflife","selected","probing","gini_cytoplasm_mrna",,
"feature_correlation_dotplot.R","halflife","selected","purine_ratio","purine_ratio_3utr",,
"feature_correlation_dotplot.R","halflife","selected","purine_ratio","purine_ratio_5utr",,
"feature_correlation_dotplot.R","halflife","selected","purine_ratio","purine_ratio_cds",,
"feature_correlation_dotplot.R","halflife","selected","purine_ratio","purine_ratio_last100",,
"feature_correlation_dotplot.R","halflife","selected","purine_ratio","purine_ratio_mrna",,
"feature_correlation_dotplot.R","halflife","selected","purine_ratio","purine_ratio_start",,
"feature_correlation_dotplot.R","halflife","selected","purine_ratio","purine_ratio_stop",,
"feature_correlation_dotplot.R","halflife","selected","rnafold_per_nt","rnafold_per_nt_3utr",,
"feature_correlation_dotplot.R","halflife","selected","rnafold_per_nt","rnafold_per_nt_5utr",,
"feature_correlation_dotplot.R","halflife","selected","rnafold_per_nt","rnafold_per_nt_cds",,
"feature_correlation_dotplot.R","halflife","selected","rnafold_per_nt","rnafold_per_nt_last100",,
"feature_correlation_dotplot.R","halflife","selected","rnafold_per_nt","rnafold_per_nt_mrna",,
"feature_correlation_dotplot.R","halflife","selected","rnafold_per_nt","rnafold_per_nt_start",,
"feature_correlation_dotplot.R","halflife","selected","rnafold_per_nt","rnafold_per_nt_stop",,
"feature_correlation_dotplot.R","halflife","selected","rnafold_scores","rnafold_score_3utr",,
"feature_correlation_dotplot.R","halflife","selected","rnafold_scores","rnafold_score_5utr",,
"feature_correlation_dotplot.R","halflife","selected","rnafold_scores","rnafold_score_cds",,
"feature_correlation_dotplot.R","halflife","selected","rnafold_scores","rnafold_score_last100",,
"feature_correlation_dotplot.R","halflife","selected","rnafold_scores","rnafold_score_mrna",,
"feature_correlation_dotplot.R","halflife","selected","rnafold_scores","rnafold_score_start",,
"feature_correlation_dotplot.R","halflife","selected","rnafold_scores","rnafold_score_stop",,
"feature_correlation_dotplot.R","halflife","selected","rnafold_scores","rnafold_score_utrpair",,
"feature_correlation_dotplot.R","halflife","selected","rnafold_zscores","rnafold_zscore_3utr",,
"feature_correlation_dotplot.R","halflife","selected","rnafold_zscores","rnafold_zscore_5utr",,
"feature_correlation_dotplot.R","halflife","selected","rnafold_zscores","rnafold_zscore_cds",,
"feature_correlation_dotplot.R","halflife","selected","rnafold_zscores","rnafold_zscore_last100",,
"feature_correlation_dotplot.R","halflife","selected","rnafold_zscores","rnafold_zscore_mrna",,
"feature_correlation_dotplot.R","halflife","selected","rnafold_zscores","rnafold_zscore_start",,
"feature_correlation_dotplot.R","halflife","selected","rnafold_zscores","rnafold_zscore_stop",,
"feature_correlation_dotplot.R","halflife","selected","rnafold_zscores","rnafold_zscore_utrpair",,
"feature_correlation_dotplot.R","halflife","selected","rnalfold_scores","rnalfold_score_3utr",,
"feature_correlation_dotplot.R","halflife","selected","rnalfold_scores","rnalfold_score_5utr",,
"feature_correlation_dotplot.R","halflife","selected","rnalfold_scores","rnalfold_score_cds",,
"feature_correlation_dotplot.R","halflife","selected","rnalfold_scores","rnalfold_score_last100",,
"feature_correlation_dotplot.R","halflife","selected","rnalfold_scores","rnalfold_score_mrna",,
"feature_correlation_dotplot.R","halflife","selected","rnalfold_scores","rnalfold_score_start",,
"feature_correlation_dotplot.R","halflife","selected","rnalfold_scores","rnalfold_score_stop",,
"feature_correlation_dotplot.R","halflife","selected","rnalfold_zscores","rnalfold_zscore_3utr",,
"feature_correlation_dotplot.R","halflife","selected","rnalfold_zscores","rnalfold_zscore_5utr",,
"feature_correlation_dotplot.R","halflife","selected","rnalfold_zscores","rnalfold_zscore_cds",,
"feature_correlation_dotplot.R","halflife","selected","rnalfold_zscores","rnalfold_zscore_last100",,
"feature_correlation_dotplot.R","halflife","selected","rnalfold_zscores","rnalfold_zscore_mrna",,
"feature_correlation_dotplot.R","halflife","selected","rnalfold_zscores","rnalfold_zscore_start",,
"feature_correlation_dotplot.R","halflife","selected","rnalfold_zscores","rnalfold_zscore_stop",,
"feature_correlation_dotplot.R","halflife","selected","stopfree","stopfree_length_3utr",,
"feature_correlation_dotplot.R","halflife","selected","stopfree","stopfree_length_5utr",,
"feature_correlation_dotplot.R","halflife","selected","stopfree","stopfree_length_cds",,
"feature_correlation_dotplot.R","halflife","selected","stopfree","stopfree_length_mrna",,
"feature_correlation_dotplot.R","halflife","selected","uorf_present","uorf_present_mrna",,
"feature_correlation_dotplot.R","halflife_codon_aa","plotted","aa_freqs",,"aa_a","cds"
"feature_correlation_dotplot.R","halflife_codon_aa","plotted","aa_freqs",,"aa_c","cds"
"feature_correlation_dotplot.R","halflife_codon_aa","plotted","aa_freqs",,"aa_d","cds"
"feature_correlation_dotplot.R","halflife_codon_aa","plotted","aa_freqs",,"aa_e","cds"
"feature_correlation_dotplot.R","halflife_codon_aa","plotted","aa_freqs",,"aa_f","cds"
"feature_correlation_dotplot.R","halflife_codon_aa","plotted","aa_freqs",,"aa_g","cds"
"feature_correlation_dotplot.R","halflife_codon_aa","plotted","aa_freqs",,"aa_h","cds"
"feature_correlation_dotplot.R","halflife_codon_aa","plotted","aa_freqs",,"aa_i","cds"
"feature_correlation_dotplot.R","halflife_codon_aa","plotted","aa_freqs",,"aa_k","cds"
"feature_correlation_dotplot.R","halflife_codon_aa","plotted","aa_freqs",,"aa_l","cds"
"feature_correlation_dotplot.R","halflife_codon_aa","plotted","aa_freqs",,"aa_m","cds"
"feature_correlation_dotplot.R","halflife_codon_aa","plotted","aa_freqs",,"aa_n","cds"
"feature_correlation_dotplot.R","halflife_codon_aa","plotted","aa_freqs",,"aa_p","cds"
"feature_correlation_dotplot.R","halflife_codon_aa","plotted","aa_freqs",,"aa_q","cds"
"feature_correlation_dotplot.R","halflife_codon_aa","plotted","aa_freqs",,"aa_r","cds"
"feature_correlation_dotplot.R","halflife_codon_aa","plotted","aa_freqs",,"aa_s","cds"
"feature_correlation_dotplot.R","halflife_codon_aa","plotted","aa_freqs",,"aa_t","cds"
"feature_correlation_dotplot.R","halflife_codon_aa","plotted","aa_freqs",,"aa_v","cds"
"feature_correlation_dotplot.R","halflife_codon_aa","plotted","aa_freqs",,"aa_w","cds"
"feature_correlation_dotplot.R","halflife_codon_aa","plotted","aa_freqs",,"aa_y","cds"
"feature_correlation_dotplot.R","halflife_codon_aa","plotted","codon_freqs",,"codon_aga","cds"
"feature_correlation_dotplot.R","halflife_codon_aa","plotted","codon_freqs",,"codon_agc","cds"
"feature_correlation_dotplot.R","halflife_codon_aa","plotted","codon_freqs",,"codon_agu","cds"
"feature_correlation_dotplot.R","halflife_codon_aa","plotted","codon_freqs",,"codon_auc","cds"
"feature_correlation_dotplot.R","halflife_codon_aa","plotted","codon_freqs",,"codon_aug","cds"
"feature_correlation_dotplot.R","halflife_codon_aa","plotted","codon_freqs",,"codon_caa","cds"
"feature_correlation_dotplot.R","halflife_codon_aa","plotted","codon_freqs",,"codon_cac","cds"
"feature_correlation_dotplot.R","halflife_codon_aa","plotted","codon_freqs",,"codon_cau","cds"
"feature_correlation_dotplot.R","halflife_codon_aa","plotted","codon_freqs",,"codon_cug","cds"
"feature_correlation_dotplot.R","halflife_codon_aa","plotted","codon_freqs",,"codon_guc","cds"
"feature_correlation_dotplot.R","halflife_codon_aa","plotted","codon_freqs",,"codon_gug","cds"
"feature_correlation_dotplot.R","halflife_codon_aa","plotted","codon_freqs",,"codon_uca","cds"
"feature_correlation_dotplot.R","halflife_codon_aa","plotted","codon_freqs",,"codon_ucu","cds"
"feature_correlation_dotplot.R","halflife_codon_aa","plotted","codon_freqs",,"codon_ugu","cds"
"feature_correlation_dotplot.R","halflife_codon_aa","plotted","codon_freqs",,"codon_uua","cds"
"feature_correlation_dotplot.R","halflife_codon_aa","selected","aa_freqs","aa_a_cds",,
"feature_correlation_dotplot.R","halflife_codon_aa","selected","aa_freqs","aa_c_cds",,
"feature_correlation_dotplot.R","halflife_codon_aa","selected","aa_freqs","aa_d_cds",,
"feature_correlation_dotplot.R","halflife_codon_aa","selected","aa_freqs","aa_e_cds",,
"feature_correlation_dotplot.R","halflife_codon_aa","selected","aa_freqs","aa_f_cds",,
"feature_correlation_dotplot.R","halflife_codon_aa","selected","aa_freqs","aa_g_cds",,
"feature_correlation_dotplot.R","halflife_codon_aa","selected","aa_freqs","aa_h_cds",,
"feature_correlation_dotplot.R","halflife_codon_aa","selected","aa_freqs","aa_i_cds",,
"feature_correlation_dotplot.R","halflife_codon_aa","selected","aa_freqs","aa_k_cds",,
"feature_correlation_dotplot.R","halflife_codon_aa","selected","aa_freqs","aa_l_cds",,
"feature_correlation_dotplot.R","halflife_codon_aa","selected","aa_freqs","aa_m_cds",,
"feature_correlation_dotplot.R","halflife_codon_aa","selected","aa_freqs","aa_n_cds",,
"feature_correlation_dotplot.R","halflife_codon_aa","selected","aa_freqs","aa_p_cds",,
"feature_correlation_dotplot.R","halflife_codon_aa","selected","aa_freqs","aa_q_cds",,
"feature_correlation_dotplot.R","halflife_codon_aa","selected","aa_freqs","aa_r_cds",,
"feature_correlation_dotplot.R","halflife_codon_aa","selected","aa_freqs","aa_s_cds",,
"feature_correlation_dotplot.R","halflife_codon_aa","selected","aa_freqs","aa_t_cds",,
"feature_correlation_dotplot.R","halflife_codon_aa","selected","aa_freqs","aa_v_cds",,
"feature_correlation_dotplot.R","halflife_codon_aa","selected","aa_freqs","aa_w_cds",,
"feature_correlation_dotplot.R","halflife_codon_aa","selected","aa_freqs","aa_y_cds",,
"feature_correlation_dotplot.R","halflife_codon_aa","selected","codon_freqs","codon_aaa_cds",,
"feature_correlation_dotplot.R","halflife_codon_aa","selected","codon_freqs","codon_aac_cds",,
"feature_correlation_dotplot.R","halflife_codon_aa","selected","codon_freqs","codon_aag_cds",,
"feature_correlation_dotplot.R","halflife_codon_aa","selected","codon_freqs","codon_aau_cds",,
"feature_correlation_dotplot.R","halflife_codon_aa","selected","codon_freqs","codon_aca_cds",,
"feature_correlation_dotplot.R","halflife_codon_aa","selected","codon_freqs","codon_acc_cds",,
"feature_correlation_dotplot.R","halflife_codon_aa","selected","codon_freqs","codon_acg_cds",,
"feature_correlation_dotplot.R","halflife_codon_aa","selected","codon_freqs","codon_acu_cds",,
"feature_correlation_dotplot.R","halflife_codon_aa","selected","codon_freqs","codon_aga_cds",,
"feature_correlation_dotplot.R","halflife_codon_aa","selected","codon_freqs","codon_agc_cds",,
"feature_correlation_dotplot.R","halflife_codon_aa","selected","codon_freqs","codon_agg_cds",,
"feature_correlation_dotplot.R","halflife_codon_aa","selected","codon_freqs","codon_agu_cds",,
"feature_correlation_dotplot.R","halflife_codon_aa","selected","codon_freqs","codon_aua_cds",,
"feature_correlation_dotplot.R","halflife_codon_aa","selected","codon_freqs","codon_auc_cds",,
"feature_correlation_dotplot.R","halflife_codon_aa","selected","codon_freqs","codon_aug_cds",,
"feature_correlation_dotplot.R","halflife_codon_aa","selected","codon_freqs","codon_auu_cds",,
"feature_correlation_dotplot.R","halflife_codon_aa","selected","codon_freqs","codon_caa_cds",,
"feature_correlation_dotplot.R","halflife_codon_aa","selected","codon_freqs","codon_cac_cds",,
"feature_correlation_dotplot.R","halflife_codon_aa","selected","codon_freqs","codon_cag_cds",,
"feature_correlation_dotplot.R","halflife_codon_aa","selected","codon_freqs","codon_cau_cds",,
"feature_correlation_dotplot.R","halflife_codon_aa","selected","codon_freqs","codon_cca_cds",,
"feature_correlation_dotplot.R","halflife_codon_aa","selected","codon_freqs","codon_ccc_cds",,
"feature_correlation_dotplot.R","halflife_codon_aa","selected","codon_freqs","codon_ccg_cds",,
"feature_correlation_dotplot.R","halflife_codon_aa","selected","codon_freqs","codon_ccu_cds",,
"feature_correlation_dotplot.R","halflife_codon_aa","selected","codon_freqs","codon_cga_cds",,
"feature_correlation_dotplot.R","halflife_codon_aa","selected","codon_freqs","codon_cgc_cds",,
"feature_correlation_dotplot.R","halflife_codon_aa","selected","codon_freqs","codon_cgg_cds",,
"feature_correlation_dotplot.R","halflife_codon_aa","selected","codon_freqs","codon_cgu_cds",,
"feature_correlation_dotplot.R","halflife_codon_aa","selected","codon_freqs","codon_cua_cds",,
"feature_correlation_dotplot.R","halflife_codon_aa","selected","codon_freqs","codon_cuc_cds",,
"feature_correlation_dotplot.R","halflife_codon_aa","selected","codon_freqs","codon_cug_cds",,
"feature_correlation_dotplot.R","halflife_codon_aa","selected","codon_freqs","codon_cuu_cds",,
"feature_correlation_dotplot.R","halflife_codon_aa","selected","codon_freqs","codon_gaa_cds",,
"feature_correlation_dotplot.R","halflife_codon_aa","selected","codon_freqs","codon_gac_cds",,
"feature_correlation_dotplot.R","halflife_codon_aa","selected","codon_freqs","codon_gag_cds",,
"feature_correlation_dotplot.R","halflife_codon_aa","selected","codon_freqs","codon_gau_cds",,
"feature_correlation_dotplot.R","halflife_codon_aa","selected","codon_freqs","codon_gca_cds",,
"feature_correlation_dotplot.R","halflife_codon_aa","selected","codon_freqs","codon_gcc_cds",,
"feature_correlation_dotplot.R","halflife_codon_aa","selected","codon_freqs","codon_gcg_cds",,
"feature_correlation_dotplot.R","halflife_codon_aa","selected","codon_freqs","codon_gcu_cds",,
"feature_correlation_dotplot.R","halflife_codon_aa","selected","codon_freqs","codon_gga_cds",,
"feature_correlation_dotplot.R","halflife_codon_aa","selected","codon_freqs","codon_ggc_cds",,
"feature_correlation_dotplot.R","halflife_codon_aa","selected","codon_freqs","codon_ggg_cds",,
"feature_correlation_dotplot.R","halflife_codon_aa","selected","codon_freqs","codon_ggu_cds",,
"feature_correlation_dotplot.R","halflife_codon_aa","selected","codon_freqs","codon_gua_cds",,
"feature_correlation_dotplot.R","halflife_codon_aa","selected","codon_freqs","codon_guc_cds",,
"feature_correlation_dotplot.R","halflife_codon_aa","selected","codon_freqs","codon_gug_cds",,
"feature_correlation_dotplot.R","halflife_codon_aa","selected","codon_freqs","codon_guu_cds",,
"feature_correlation_dotplot.R","halflife_codon_aa","selected","codon_freqs","codon_uaa_cds",,
"feature_correlation_dotplot.R","halflife_codon_aa","selected","codon_freqs","codon_uac_cds",,
"feature_correlation_dotplot.R","halflife_codon_aa","selected","codon_freqs","codon_uag_cds",,
"feature_correlation_dotplot.R","halflife_codon_aa","selected","codon_freqs","codon_uau_cds",,
"feature_correlation_dotplot.R","halflife_codon_aa","selected","codon_freqs","codon_uca_cds",,
"feature_correlation_dotplot.R","halflife_codon_aa","selected","codon_freqs","codon_ucc_cds",,
"feature_correlation_dotplot.R","halflife_codon_aa","selected","codon_freqs","codon_ucg_cds",,
"feature_correlation_dotplot.R","halflife_codon_aa","selected","codon_freqs","codon_ucu_cds",,
"feature_correlation_dotplot.R","halflife_codon_aa","selected","codon_freqs","codon_uga_cds",,
"feature_correlation_dotplot.R","halflife_codon_aa","selected","codon_freqs","codon_ugc_cds",,
"feature_correlation_dotplot.R","halflife_codon_aa","selected","codon_freqs","codon_ugg_cds",,
"feature_correlation_dotplot.R","halflife_codon_aa","selected","codon_freqs","codon_ugu_cds",,
"feature_correlation_dotplot.R","halflife_codon_aa","selected","codon_freqs","codon_uua_cds",,
"feature_correlation_dotplot.R","halflife_codon_aa","selected","codon_freqs","codon_uuc_cds",,
"feature_correlation_dotplot.R","halflife_codon_aa","selected","codon_freqs","codon_uug_cds",,
"feature_correlation_dotplot.R","halflife_codon_aa","selected","codon_freqs","codon_uuu_cds",,
"feature_correlation_dotplot.R","halflife_nuc_ratios","plotted","gc",,"gc_content","3utr"
"feature_correlation_dotplot.R","halflife_nuc_ratios","plotted","gc",,"gc_content","5utr"
"feature_correlation_dotplot.R","halflife_nuc_ratios","plotted","gc",,"gc_content","cds"
"feature_correlation_dotplot.R","halflife_nuc_ratios","plotted","gc",,"gc_content","last100"
"feature_correlation_dotplot.R","halflife_nuc_ratios","plotted","gc",,"gc_content","mrna"
"feature_correlation_dotplot.R","halflife_nuc_ratios","plotted","gc",,"gc_content","start"
"feature_correlation_dotplot.R","halflife_nuc_ratios","plotted","gc",,"gc_content","stop"
"feature_correlation_dotplot.R","halflife_nuc_ratios","plotted","nuc_ratios",,"frac_a","3utr"
"feature_correlation_dotplot.R","halflife_nuc_ratios","plotted","nuc_ratios",,"frac_a","5utr"
"feature_correlation_dotplot.R","halflife_nuc_ratios","plotted","nuc_ratios",,"frac_a","cds"
"feature_correlation_dotplot.R","halflife_nuc_ratios","plotted","nuc_ratios",,"frac_a","last100"
"feature_correlation_dotplot.R","halflife_nuc_ratios","plotted","nuc_ratios",,"frac_a","mrna"
"feature_correlation_dotplot.R","halflife_nuc_ratios","plotted","nuc_ratios",,"frac_a","start"
"feature_correlation_dotplot.R","halflife_nuc_ratios","plotted","nuc_ratios",,"frac_a","stop"
"feature_correlation_dotplot.R","halflife_nuc_ratios","plotted","nuc_ratios",,"frac_c","3utr"
"feature_correlation_dotplot.R","halflife_nuc_ratios","plotted","nuc_ratios",,"frac_c","5utr"
"feature_correlation_dotplot.R","halflife_nuc_ratios","plotted","nuc_ratios",,"frac_c","cds"
"feature_correlation_dotplot.R","halflife_nuc_ratios","plotted","nuc_ratios",,"frac_c","last100"
"feature_correlation_dotplot.R","halflife_nuc_ratios","plotted","nuc_ratios",,"frac_c","mrna"
"feature_correlation_dotplot.R","halflife_nuc_ratios","plotted","nuc_ratios",,"frac_c","start"
"feature_correlation_dotplot.R","halflife_nuc_ratios","plotted","nuc_ratios",,"frac_c","stop"
"feature_correlation_dotplot.R","halflife_nuc_ratios","plotted","nuc_ratios",,"frac_g","3utr"
"feature_correlation_dotplot.R","halflife_nuc_ratios","plotted","nuc_ratios",,"frac_g","5utr"
"feature_correlation_dotplot.R","halflife_nuc_ratios","plotted","nuc_ratios",,"frac_g","cds"
"feature_correlation_dotplot.R","halflife_nuc_ratios","plotted","nuc_ratios",,"frac_g","last100"
"feature_correlation_dotplot.R","halflife_nuc_ratios","plotted","nuc_ratios",,"frac_g","mrna"
"feature_correlation_dotplot.R","halflife_nuc_ratios","plotted","nuc_ratios",,"frac_g","start"
"feature_correlation_dotplot.R","halflife_nuc_ratios","plotted","nuc_ratios",,"frac_g","stop"
"feature_correlation_dotplot.R","halflife_nuc_ratios","plotted","nuc_ratios",,"frac_u","3utr"
"feature_correlation_dotplot.R","halflife_nuc_ratios","plotted","nuc_ratios",,"frac_u","5utr"
"feature_correlation_dotplot.R","halflife_nuc_ratios","plotted","nuc_ratios",,"frac_u","cds"
"feature_correlation_dotplot.R","halflife_nuc_ratios","plotted","nuc_ratios",,"frac_u","last100"
"feature_correlation_dotplot.R","halflife_nuc_ratios","plotted","nuc_ratios",,"frac_u","mrna"
"feature_correlation_dotplot.R","halflife_nuc_ratios","plotted","nuc_ratios",,"frac_u","start"
"feature_correlation_dotplot.R","halflife_nuc_ratios","plotted","nuc_ratios",,"frac_u","stop"
"feature_correlation_dotplot.R","halflife_nuc_ratios","selected","gc","gc_content_3utr",,
"feature_correlation_dotplot.R","halflife_nuc_ratios","selected","gc","gc_content_5utr",,
"feature_correlation_dotplot.R","halflife_nuc_ratios","selected","gc","gc_content_cds",,
"feature_correlation_dotplot.R","halflife_nuc_ratios","selected","gc","gc_content_last100",,
"feature_correlation_dotplot.R","halflife_nuc_ratios","selected","gc","gc_content_mrna",,
"feature_correlation_dotplot.R","halflife_nuc_ratios","selected","gc","gc_content_start",,
"feature_correlation_dotplot.R","halflife_nuc_ratios","selected","gc","gc_content_stop",,
"feature_correlation_dotplot.R","halflife_nuc_ratios","selected","nuc_ratios","frac_a_3utr",,
"feature_correlation_dotplot.R","halflife_nuc_ratios","selected","nuc_ratios","frac_a_5utr",,
"feature_correlation_dotplot.R","halflife_nuc_ratios","selected","nuc_ratios","frac_a_cds",,
"feature_correlation_dotplot.R","halflife_nuc_ratios","selected","nuc_ratios","frac_a_last100",,
"feature_correlation_dotplot.R","halflife_nuc_ratios","selected","nuc_ratios","frac_a_mrna",,
"feature_correlation_dotplot.R","halflife_nuc_ratios","selected","nuc_ratios","frac_a_start",,
"feature_correlation_dotplot.R","halflife_nuc_ratios","selected","nuc_ratios","frac_a_stop",,
"feature_correlation_dotplot.R","halflife_nuc_ratios","selected","nuc_ratios","frac_c_3utr",,
"feature_correlation_dotplot.R","halflife_nuc_ratios","selected","nuc_ratios","frac_c_5utr",,
"feature_correlation_dotplot.R","halflife_nuc_ratios","selected","nuc_ratios","frac_c_cds",,
"feature_correlation_dotplot.R","halflife_nuc_ratios","selected","nuc_ratios","frac_c_last100",,
"feature_correlation_dotplot.R","halflife_nuc_ratios","selected","nuc_ratios","frac_c_mrna",,
"feature_correlation_dotplot.R","halflife_nuc_ratios","selected","nuc_ratios","frac_c_start",,
"feature_correlation_dotplot.R","halflife_nuc_ratios","selected","nuc_ratios","frac_c_stop",,
"feature_correlation_dotplot.R","halflife_nuc_ratios","selected","nuc_ratios","frac_g_3utr",,
"feature_correlation_dotplot.R","halflife_nuc_ratios","selected","nuc_ratios","frac_g_5utr",,
"feature_correlation_dotplot.R","halflife_nuc_ratios","selected","nuc_ratios","frac_g_cds",,
"feature_correlation_dotplot.R","halflife_nuc_ratios","selected","nuc_ratios","frac_g_last100",,
"feature_correlation_dotplot.R","halflife_nuc_ratios","selected","nuc_ratios","frac_g_mrna",,
"feature_correlation_dotplot.R","halflife_nuc_ratios","selected","nuc_ratios","frac_g_start",,
"feature_correlation_dotplot.R","halflife_nuc_ratios","selected","nuc_ratios","frac_g_stop",,
"feature_correlation_dotplot.R","halflife_nuc_ratios","selected","nuc_ratios","frac_u_3utr",,
"feature_correlation_dotplot.R","halflife_nuc_ratios","selected","nuc_ratios","frac_u_5utr",,
"feature_correlation_dotplot.R","halflife_nuc_ratios","selected","nuc_ratios","frac_u_cds",,
"feature_correlation_dotplot.R","halflife_nuc_ratios","selected","nuc_ratios","frac_u_last100",,
"feature_correlation_dotplot.R","halflife_nuc_ratios","selected","nuc_ratios","frac_u_mrna",,
"feature_correlation_dotplot.R","halflife_nuc_ratios","selected","nuc_ratios","frac_u_start",,
"feature_correlation_dotplot.R","halflife_nuc_ratios","selected","nuc_ratios","frac_u_stop",,
"feature_correlation_dotplot.R","translation_efficiency","plotted","aa_freqs",,"aa_s","cds"
"feature_correlation_dotplot.R","translation_efficiency","plotted","aa_freqs",,"aa_v","cds"
"feature_correlation_dotplot.R","translation_efficiency","plotted","amino_ratio",,"amino_ratio","3utr"
"feature_correlation_dotplot.R","translation_efficiency","plotted","amino_ratio",,"amino_ratio","5utr"
"feature_correlation_dotplot.R","translation_efficiency","plotted","amino_ratio",,"amino_ratio","cds"
"feature_correlation_dotplot.R","translation_efficiency","plotted","amino_ratio",,"amino_ratio","last100"
"feature_correlation_dotplot.R","translation_efficiency","plotted","amino_ratio",,"amino_ratio","mrna"
"feature_correlation_dotplot.R","translation_efficiency","plotted","amino_ratio",,"amino_ratio","start"
"feature_correlation_dotplot.R","translation_efficiency","plotted","amino_ratio",,"amino_ratio","stop"
"feature_correlation_dotplot.R","translation_efficiency","plotted","at_skew",,"at_skew","3utr"
"feature_correlation_dotplot.R","translation_efficiency","plotted","at_skew",,"at_skew","5utr"
"feature_correlation_dotplot.R","translation_efficiency","plotted","at_skew",,"at_skew","cds"
"feature_correlation_dotplot.R","translation_efficiency","plotted","at_skew",,"at_skew","last100"
"feature_correlation_dotplot.R","translation_efficiency","plotted","at_skew",,"at_skew","mrna"
"feature_correlation_dotplot.R","translation_efficiency","plotted","at_skew",,"at_skew","start"
"feature_correlation_dotplot.R","translation_efficiency","plotted","at_skew",,"at_skew","stop"
"feature_correlation_dotplot.R","translation_efficiency","plotted","cai",,"cai","cds"
"feature_correlation_dotplot.R","translation_efficiency","plotted","codon_freqs",,"codon_agu","cds"
"feature_correlation_dotplot.R","translation_efficiency","plotted","codon_freqs",,"codon_uca","cds"
"feature_correlation_dotplot.R","translation_efficiency","plotted","eej_dist_closest",,"eej_dist_closest","start"
"feature_correlation_dotplot.R","translation_efficiency","plotted","eej_dist_closest",,"eej_dist_closest","stop"
"feature_correlation_dotplot.R","translation_efficiency","plotted","exon_density",,"exon_density","mrna"
"feature_correlation_dotplot.R","translation_efficiency","plotted","gc",,"gc_content","3utr"
"feature_correlation_dotplot.R","translation_efficiency","plotted","gc",,"gc_content","5utr"
"feature_correlation_dotplot.R","translation_efficiency","plotted","gc",,"gc_content","cds"
"feature_correlation_dotplot.R","translation_efficiency","plotted","gc",,"gc_content","last100"
"feature_correlation_dotplot.R","translation_efficiency","plotted","gc",,"gc_content","mrna"
"feature_correlation_dotplot.R","translation_efficiency","plotted","gc",,"gc_content","start"
"feature_correlation_dotplot.R","translation_efficiency","plotted","gc",,"gc_content","stop"
"feature_correlation_dotplot.R","translation_efficiency","plotted","gc_skew",,"gc_skew","3utr"
"feature_correlation_dotplot.R","translation_efficiency","plotted","gc_skew",,"gc_skew","5utr"
"feature_correlation_dotplot.R","translation_efficiency","plotted","gc_skew",,"gc_skew","cds"
"feature_correlation_dotplot.R","translation_efficiency","plotted","gc_skew",,"gc_skew","last100"
"feature_correlation_dotplot.R","translation_efficiency","plotted","gc_skew",,"gc_skew","mrna"
"feature_correlation_dotplot.R","translation_efficiency","plotted","gc_skew",,"gc_skew","start"
"feature_correlation_dotplot.R","translation_efficiency","plotted","gc_skew",,"gc_skew","stop"
"feature_correlation_dotplot.R","translation_efficiency","plotted","lengths",,"length","3utr"
"feature_correlation_dotplot.R","translation_efficiency","plotted","lengths",,"length","5utr"
"feature_correlation_dotplot.R","translation_efficiency","plotted","lengths",,"length","cds"
"feature_correlation_dotplot.R","translation_efficiency","plotted","lengths",,"length","mrna"
"feature_correlation_dotplot.R","translation_efficiency","plotted","mfe_deltas",,"mfe_delta","3utr"
"feature_correlation_dotplot.R","translation_efficiency","plotted","mfe_deltas",,"mfe_delta","5utr"
"feature_correlation_dotplot.R","translation_efficiency","plotted","mfe_deltas",,"mfe_delta","cds"
"feature_correlation_dotplot.R","translation_efficiency","plotted","mfe_deltas",,"mfe_delta","last100"
"feature_correlation_dotplot.R","translation_efficiency","plotted","mfe_deltas",,"mfe_delta","mrna"
"feature_correlation_dotplot.R","translation_efficiency","plotted","mfe_deltas",,"mfe_delta","start"
"feature_correlation_dotplot.R","translation_efficiency","plotted","mfe_deltas",,"mfe_delta","stop"
"feature_correlation_dotplot.R","translation_efficiency","plotted","mfe_expected",,"mfe_expected","3utr"
"feature_correlation_dotplot.R","translation_efficiency","plotted","mfe_expected",,"mfe_expected","5utr"
"feature_correlation_dotplot.R","translation_efficiency","plotted","mfe_expected",,"mfe_expected","cds"
"feature_correlation_dotplot.R","translation_efficiency","plotted","mfe_expected",,"mfe_expected","last100"
"feature_correlation_dotplot.R","translation_efficiency","plotted","mfe_expected",,"mfe_expected","mrna"
"feature_correlation_dotplot.R","translation_efficiency","plotted","mfe_expected",,"mfe_expected","start"
"feature_correlation_dotplot.R","translation_efficiency","plotted","mfe_expected",,"mfe_expected","stop"
"feature_correlation_dotplot.R","translation_efficiency","plotted","nmd_alt_stop",,"nmd_alt_stop_codon_density","mrna"
"feature_correlation_dotplot.R","translation_efficiency","plotted","nmd_snv_fragile",,"nmd_snv_fragile_codon_density","mrna"
"feature_correlation_dotplot.R","translation_efficiency","plotted","nuc_ratios",,"frac_a","3utr"
"feature_correlation_dotplot.R","translation_efficiency","plotted","nuc_ratios",,"frac_a","5utr"
"feature_correlation_dotplot.R","translation_efficiency","plotted","nuc_ratios",,"frac_a","cds"
"feature_correlation_dotplot.R","translation_efficiency","plotted","nuc_ratios",,"frac_a","last100"
"feature_correlation_dotplot.R","translation_efficiency","plotted","nuc_ratios",,"frac_a","mrna"
"feature_correlation_dotplot.R","translation_efficiency","plotted","nuc_ratios",,"frac_a","start"
"feature_correlation_dotplot.R","translation_efficiency","plotted","nuc_ratios",,"frac_a","stop"
"feature_correlation_dotplot.R","translation_efficiency","plotted","nuc_ratios",,"frac_c","3utr"
"feature_correlation_dotplot.R","translation_efficiency","plotted","nuc_ratios",,"frac_c","5utr"
"feature_correlation_dotplot.R","translation_efficiency","plotted","nuc_ratios",,"frac_c","cds"
"feature_correlation_dotplot.R","translation_efficiency","plotted","nuc_ratios",,"frac_c","last100"
"feature_correlation_dotplot.R","translation_efficiency","plotted","nuc_ratios",,"frac_c","mrna"
"feature_correlation_dotplot.R","translation_efficiency","plotted","nuc_ratios",,"frac_c","start"
"feature_correlation_dotplot.R","translation_efficiency","plotted","nuc_ratios",,"frac_c","stop"
"feature_correlation_dotplot.R","translation_efficiency","plotted","nuc_ratios",,"frac_g","3utr"
"feature_correlation_dotplot.R","translation_efficiency","plotted","nuc_ratios",,"frac_g","5utr"
"feature_correlation_dotplot.R","translation_efficiency","plotted","nuc_ratios",,"frac_g","cds"
"feature_correlation_dotplot.R","translation_efficiency","plotted","nuc_ratios",,"frac_g","last100"
"feature_correlation_dotplot.R","translation_efficiency","plotted","nuc_ratios",,"frac_g","mrna"
"feature_correlation_dotplot.R","translation_efficiency","plotted","nuc_ratios",,"frac_g","start"
"feature_correlation_dotplot.R","translation_efficiency","plotted","nuc_ratios",,"frac_g","stop"
"feature_correlation_dotplot.R","translation_efficiency","plotted","nuc_ratios",,"frac_u","3utr"
"feature_correlation_dotplot.R","translation_efficiency","plotted","nuc_ratios",,"frac_u","5utr"
"feature_correlation_dotplot.R","translation_efficiency","plotted","nuc_ratios",,"frac_u","cds"
"feature_correlation_dotplot.R","translation_efficiency","plotted","nuc_ratios",,"frac_u","last100"
"feature_correlation_dotplot.R","translation_efficiency","plotted","nuc_ratios",,"frac_u","mrna"
"feature_correlation_dotplot.R","translation_efficiency","plotted","nuc_ratios",,"frac_u","start"
"feature_correlation_dotplot.R","translation_efficiency","plotted","nuc_ratios",,"frac_u","stop"
"feature_correlation_dotplot.R","translation_efficiency","plotted","probing",,"gini_cytoplasm","3utr"
"feature_correlation_dotplot.R","translation_efficiency","plotted","probing",,"gini_cytoplasm","5utr"
"feature_correlation_dotplot.R","translation_efficiency","plotted","probing",,"gini_cytoplasm","cds"
"feature_correlation_dotplot.R","translation_efficiency","plotted","probing",,"gini_cytoplasm","mrna"
"feature_correlation_dotplot.R","translation_efficiency","plotted","purine_ratio",,"purine_ratio","3utr"
"feature_correlation_dotplot.R","translation_efficiency","plotted","purine_ratio",,"purine_ratio","5utr"
"feature_correlation_dotplot.R","translation_efficiency","plotted","purine_ratio",,"purine_ratio","cds"
"feature_correlation_dotplot.R","translation_efficiency","plotted","purine_ratio",,"purine_ratio","last100"
"feature_correlation_dotplot.R","translation_efficiency","plotted","purine_ratio",,"purine_ratio","mrna"
"feature_correlation_dotplot.R","translation_efficiency","plotted","purine_ratio",,"purine_ratio","start"
"feature_correlation_dotplot.R","translation_efficiency","plotted","purine_ratio",,"purine_ratio","stop"
"feature_correlation_dotplot.R","translation_efficiency","plotted","rnafold_per_nt",,"rnafold_per_nt","3utr"
"feature_correlation_dotplot.R","translation_efficiency","plotted","rnafold_per_nt",,"rnafold_per_nt","5utr"
"feature_correlation_dotplot.R","translation_efficiency","plotted","rnafold_per_nt",,"rnafold_per_nt","cds"
"feature_correlation_dotplot.R","translation_efficiency","plotted","rnafold_per_nt",,"rnafold_per_nt","last100"
"feature_correlation_dotplot.R","translation_efficiency","plotted","rnafold_per_nt",,"rnafold_per_nt","mrna"
"feature_correlation_dotplot.R","translation_efficiency","plotted","rnafold_per_nt",,"rnafold_per_nt","start"
"feature_correlation_dotplot.R","translation_efficiency","plotted","rnafold_per_nt",,"rnafold_per_nt","stop"
"feature_correlation_dotplot.R","translation_efficiency","plotted","rnafold_scores",,"rnafold_score","3utr"
"feature_correlation_dotplot.R","translation_efficiency","plotted","rnafold_scores",,"rnafold_score","5utr"
"feature_correlation_dotplot.R","translation_efficiency","plotted","rnafold_scores",,"rnafold_score","cds"
"feature_correlation_dotplot.R","translation_efficiency","plotted","rnafold_scores",,"rnafold_score","last100"
"feature_correlation_dotplot.R","translation_efficiency","plotted","rnafold_scores",,"rnafold_score","mrna"
"feature_correlation_dotplot.R","translation_efficiency","plotted","rnafold_scores",,"rnafold_score","start"
"feature_correlation_dotplot.R","translation_efficiency","plotted","rnafold_scores",,"rnafold_score","stop"
"feature_correlation_dotplot.R","translation_efficiency","plotted","rnafold_scores",,"rnafold_score","utrpair"
"feature_correlation_dotplot.R","translation_efficiency","plotted","rnafold_zscores",,"rnafold_zscore","3utr"
"feature_correlation_dotplot.R","translation_efficiency","plotted","rnafold_zscores",,"rnafold_zscore","5utr"
"feature_correlation_dotplot.R","translation_efficiency","plotted","rnafold_zscores",,"rnafold_zscore","cds"
"feature_correlation_dotplot.R","translation_efficiency","plotted","rnafold_zscores",,"rnafold_zscore","last100"
"feature_correlation_dotplot.R","translation_efficiency","plotted","rnafold_zscores",,"rnafold_zscore","mrna"
"feature_correlation_dotplot.R","translation_efficiency","plotted","rnafold_zscores",,"rnafold_zscore","start"
"feature_correlation_dotplot.R","translation_efficiency","plotted","rnafold_zscores",,"rnafold_zscore","stop"
"feature_correlation_dotplot.R","translation_efficiency","plotted","rnafold_zscores",,"rnafold_zscore","utrpair"
"feature_correlation_dotplot.R","translation_efficiency","plotted","rnalfold_scores",,"rnalfold_score","3utr"
"feature_correlation_dotplot.R","translation_efficiency","plotted","rnalfold_scores",,"rnalfold_score","5utr"
"feature_correlation_dotplot.R","translation_efficiency","plotted","rnalfold_scores",,"rnalfold_score","cds"
"feature_correlation_dotplot.R","translation_efficiency","plotted","rnalfold_scores",,"rnalfold_score","last100"
"feature_correlation_dotplot.R","translation_efficiency","plotted","rnalfold_scores",,"rnalfold_score","mrna"
"feature_correlation_dotplot.R","translation_efficiency","plotted","rnalfold_scores",,"rnalfold_score","start"
"feature_correlation_dotplot.R","translation_efficiency","plotted","rnalfold_scores",,"rnalfold_score","stop"
"feature_correlation_dotplot.R","translation_efficiency","plotted","rnalfold_zscores",,"rnalfold_zscore","3utr"
"feature_correlation_dotplot.R","translation_efficiency","plotted","rnalfold_zscores",,"rnalfold_zscore","5utr"
"feature_correlation_dotplot.R","translation_efficiency","plotted","rnalfold_zscores",,"rnalfold_zscore","cds"
"feature_correlation_dotplot.R","translation_efficiency","plotted","rnalfold_zscores",,"rnalfold_zscore","last100"
"feature_correlation_dotplot.R","translation_efficiency","plotted","rnalfold_zscores",,"rnalfold_zscore","mrna"
"feature_correlation_dotplot.R","translation_efficiency","plotted","rnalfold_zscores",,"rnalfold_zscore","start"
"feature_correlation_dotplot.R","translation_efficiency","plotted","rnalfold_zscores",,"rnalfold_zscore","stop"
"feature_correlation_dotplot.R","translation_efficiency","plotted","stopfree",,"stopfree_length","3utr"
"feature_correlation_dotplot.R","translation_efficiency","plotted","stopfree",,"stopfree_length","5utr"
"feature_correlation_dotplot.R","translation_efficiency","plotted","stopfree",,"stopfree_length","cds"
"feature_correlation_dotplot.R","translation_efficiency","plotted","stopfree",,"stopfree_length","mrna"
"feature_correlation_dotplot.R","translation_efficiency","plotted","uorf_present",,"uorf_present","mrna"
"feature_correlation_dotplot.R","translation_efficiency","selected","aa_freqs","aa_s_cds",,
"feature_correlation_dotplot.R","translation_efficiency","selected","aa_freqs","aa_v_cds",,
"feature_correlation_dotplot.R","translation_efficiency","selected","amino_ratio","amino_ratio_3utr",,
"feature_correlation_dotplot.R","translation_efficiency","selected","amino_ratio","amino_ratio_5utr",,
"feature_correlation_dotplot.R","translation_efficiency","selected","amino_ratio","amino_ratio_cds",,
"feature_correlation_dotplot.R","translation_efficiency","selected","amino_ratio","amino_ratio_last100",,
"feature_correlation_dotplot.R","translation_efficiency","selected","amino_ratio","amino_ratio_mrna",,
"feature_correlation_dotplot.R","translation_efficiency","selected","amino_ratio","amino_ratio_start",,
"feature_correlation_dotplot.R","translation_efficiency","selected","amino_ratio","amino_ratio_stop",,
"feature_correlation_dotplot.R","translation_efficiency","selected","at_skew","at_skew_3utr",,
"feature_correlation_dotplot.R","translation_efficiency","selected","at_skew","at_skew_5utr",,
"feature_correlation_dotplot.R","translation_efficiency","selected","at_skew","at_skew_cds",,
"feature_correlation_dotplot.R","translation_efficiency","selected","at_skew","at_skew_last100",,
"feature_correlation_dotplot.R","translation_efficiency","selected","at_skew","at_skew_mrna",,
"feature_correlation_dotplot.R","translation_efficiency","selected","at_skew","at_skew_start",,
"feature_correlation_dotplot.R","translation_efficiency","selected","at_skew","at_skew_stop",,
"feature_correlation_dotplot.R","translation_efficiency","selected","cai","cai_cds",,
"feature_correlation_dotplot.R","translation_efficiency","selected","codon_freqs","codon_agu_cds",,
"feature_correlation_dotplot.R","translation_efficiency","selected","codon_freqs","codon_uca_cds",,
"feature_correlation_dotplot.R","translation_efficiency","selected","eej_dist_closest","eej_dist_closest_start",,
"feature_correlation_dotplot.R","translation_efficiency","selected","eej_dist_closest","eej_dist_closest_stop",,
"feature_correlation_dotplot.R","translation_efficiency","selected","exon_density","exon_density_mrna",,
"feature_correlation_dotplot.R","translation_efficiency","selected","gc","gc_content_3utr",,
"feature_correlation_dotplot.R","translation_efficiency","selected","gc","gc_content_5utr",,
"feature_correlation_dotplot.R","translation_efficiency","selected","gc","gc_content_cds",,
"feature_correlation_dotplot.R","translation_efficiency","selected","gc","gc_content_last100",,
"feature_correlation_dotplot.R","translation_efficiency","selected","gc","gc_content_mrna",,
"feature_correlation_dotplot.R","translation_efficiency","selected","gc","gc_content_start",,
"feature_correlation_dotplot.R","translation_efficiency","selected","gc","gc_content_stop",,
"feature_correlation_dotplot.R","translation_efficiency","selected","gc_skew","gc_skew_3utr",,
"feature_correlation_dotplot.R","translation_efficiency","selected","gc_skew","gc_skew_5utr",,
"feature_correlation_dotplot.R","translation_efficiency","selected","gc_skew","gc_skew_cds",,
"feature_correlation_dotplot.R","translation_efficiency","selected","gc_skew","gc_skew_last100",,
"feature_correlation_dotplot.R","translation_efficiency","selected","gc_skew","gc_skew_mrna",,
"feature_correlation_dotplot.R","translation_efficiency","selected","gc_skew","gc_skew_start",,
"feature_correlation_dotplot.R","translation_efficiency","selected","gc_skew","gc_skew_stop",,
"feature_correlation_dotplot.R","translation_efficiency","selected","lengths","length_3utr",,
"feature_correlation_dotplot.R","translation_efficiency","selected","lengths","length_5utr",,
"feature_correlation_dotplot.R","translation_efficiency","selected","lengths","length_cds",,
"feature_correlation_dotplot.R","translation_efficiency","selected","lengths","length_mrna",,
"feature_correlation_dotplot.R","translation_efficiency","selected","mfe_deltas","mfe_delta_3utr",,
"feature_correlation_dotplot.R","translation_efficiency","selected","mfe_deltas","mfe_delta_5utr",,
"feature_correlation_dotplot.R","translation_efficiency","selected","mfe_deltas","mfe_delta_cds",,
"feature_correlation_dotplot.R","translation_efficiency","selected","mfe_deltas","mfe_delta_last100",,
"feature_correlation_dotplot.R","translation_efficiency","selected","mfe_deltas","mfe_delta_mrna",,
"feature_correlation_dotplot.R","translation_efficiency","selected","mfe_deltas","mfe_delta_start",,
"feature_correlation_dotplot.R","translation_efficiency","selected","mfe_deltas","mfe_delta_stop",,
"feature_correlation_dotplot.R","translation_efficiency","selected","mfe_expected","mfe_expected_3utr",,
"feature_correlation_dotplot.R","translation_efficiency","selected","mfe_expected","mfe_expected_5utr",,
"feature_correlation_dotplot.R","translation_efficiency","selected","mfe_expected","mfe_expected_cds",,
"feature_correlation_dotplot.R","translation_efficiency","selected","mfe_expected","mfe_expected_last100",,
"feature_correlation_dotplot.R","translation_efficiency","selected","mfe_expected","mfe_expected_mrna",,
"feature_correlation_dotplot.R","translation_efficiency","selected","mfe_expected","mfe_expected_start",,
"feature_correlation_dotplot.R","translation_efficiency","selected","mfe_expected","mfe_expected_stop",,
"feature_correlation_dotplot.R","translation_efficiency","selected","nmd_alt_stop","nmd_alt_stop_codon_density_mrna",,
"feature_correlation_dotplot.R","translation_efficiency","selected","nmd_snv_fragile","nmd_snv_fragile_codon_density_mrna",,
"feature_correlation_dotplot.R","translation_efficiency","selected","nuc_ratios","frac_a_3utr",,
"feature_correlation_dotplot.R","translation_efficiency","selected","nuc_ratios","frac_a_5utr",,
"feature_correlation_dotplot.R","translation_efficiency","selected","nuc_ratios","frac_a_cds",,
"feature_correlation_dotplot.R","translation_efficiency","selected","nuc_ratios","frac_a_last100",,
"feature_correlation_dotplot.R","translation_efficiency","selected","nuc_ratios","frac_a_mrna",,
"feature_correlation_dotplot.R","translation_efficiency","selected","nuc_ratios","frac_a_start",,
"feature_correlation_dotplot.R","translation_efficiency","selected","nuc_ratios","frac_a_stop",,
"feature_correlation_dotplot.R","translation_efficiency","selected","nuc_ratios","frac_c_3utr",,
"feature_correlation_dotplot.R","translation_efficiency","selected","nuc_ratios","frac_c_5utr",,
"feature_correlation_dotplot.R","translation_efficiency","selected","nuc_ratios","frac_c_cds",,
"feature_correlation_dotplot.R","translation_efficiency","selected","nuc_ratios","frac_c_last100",,
"feature_correlation_dotplot.R","translation_efficiency","selected","nuc_ratios","frac_c_mrna",,
"feature_correlation_dotplot.R","translation_efficiency","selected","nuc_ratios","frac_c_start",,
"feature_correlation_dotplot.R","translation_efficiency","selected","nuc_ratios","frac_c_stop",,
"feature_correlation_dotplot.R","translation_efficiency","selected","nuc_ratios","frac_g_3utr",,
"feature_correlation_dotplot.R","translation_efficiency","selected","nuc_ratios","frac_g_5utr",,
"feature_correlation_dotplot.R","translation_efficiency","selected","nuc_ratios","frac_g_cds",,
"feature_correlation_dotplot.R","translation_efficiency","selected","nuc_ratios","frac_g_last100",,
"feature_correlation_dotplot.R","translation_efficiency","selected","nuc_ratios","frac_g_mrna",,
"feature_correlation_dotplot.R","translation_efficiency","selected","nuc_ratios","frac_g_start",,
"feature_correlation_dotplot.R","translation_efficiency","selected","nuc_ratios","frac_g_stop",,
"feature_correlation_dotplot.R","translation_efficiency","selected","nuc_ratios","frac_u_3utr",,
"feature_correlation_dotplot.R","translation_efficiency","selected","nuc_ratios","frac_u_5utr",,
"feature_correlation_dotplot.R","translation_efficiency","selected","nuc_ratios","frac_u_cds",,
"feature_correlation_dotplot.R","translation_efficiency","selected","nuc_ratios","frac_u_last100",,
"feature_correlation_dotplot.R","translation_efficiency","selected","nuc_ratios","frac_u_mrna",,
"feature_correlation_dotplot.R","translation_efficiency","selected","nuc_ratios","frac_u_start",,
"feature_correlation_dotplot.R","translation_efficiency","selected","nuc_ratios","frac_u_stop",,
"feature_correlation_dotplot.R","translation_efficiency","selected","probing","gini_cytoplasm_3utr",,
"feature_correlation_dotplot.R","translation_efficiency","selected","probing","gini_cytoplasm_5utr",,
"feature_correlation_dotplot.R","translation_efficiency","selected","probing","gini_cytoplasm_cds",,
"feature_correlation_dotplot.R","translation_efficiency","selected","probing","gini_cytoplasm_mrna",,
"feature_correlation_dotplot.R","translation_efficiency","selected","purine_ratio","purine_ratio_3utr",,
"feature_correlation_dotplot.R","translation_efficiency","selected","purine_ratio","purine_ratio_5utr",,
"feature_correlation_dotplot.R","translation_efficiency","selected","purine_ratio","purine_ratio_cds",,
"feature_correlation_dotplot.R","translation_efficiency","selected","purine_ratio","purine_ratio_last100",,
"feature_correlation_dotplot.R","translation_efficiency","selected","purine_ratio","purine_ratio_mrna",,
"feature_correlation_dotplot.R","translation_efficiency","selected","purine_ratio","purine_ratio_start",,
"feature_correlation_dotplot.R","translation_efficiency","selected","purine_ratio","purine_ratio_stop",,
"feature_correlation_dotplot.R","translation_efficiency","selected","rnafold_per_nt","rnafold_per_nt_3utr",,
"feature_correlation_dotplot.R","translation_efficiency","selected","rnafold_per_nt","rnafold_per_nt_5utr",,
"feature_correlation_dotplot.R","translation_efficiency","selected","rnafold_per_nt","rnafold_per_nt_cds",,
"feature_correlation_dotplot.R","translation_efficiency","selected","rnafold_per_nt","rnafold_per_nt_last100",,
"feature_correlation_dotplot.R","translation_efficiency","selected","rnafold_per_nt","rnafold_per_nt_mrna",,
"feature_correlation_dotplot.R","translation_efficiency","selected","rnafold_per_nt","rnafold_per_nt_start",,
"feature_correlation_dotplot.R","translation_efficiency","selected","rnafold_per_nt","rnafold_per_nt_stop",,
"feature_correlation_dotplot.R","translation_efficiency","selected","rnafold_scores","rnafold_score_3utr",,
"feature_correlation_dotplot.R","translation_efficiency","selected","rnafold_scores","rnafold_score_5utr",,
"feature_correlation_dotplot.R","translation_efficiency","selected","rnafold_scores","rnafold_score_cds",,
"feature_correlation_dotplot.R","translation_efficiency","selected","rnafold_scores","rnafold_score_last100",,
"feature_correlation_dotplot.R","translation_efficiency","selected","rnafold_scores","rnafold_score_mrna",,
"feature_correlation_dotplot.R","translation_efficiency","selected","rnafold_scores","rnafold_score_start",,
"feature_correlation_dotplot.R","translation_efficiency","selected","rnafold_scores","rnafold_score_stop",,
"feature_correlation_dotplot.R","translation_efficiency","selected","rnafold_scores","rnafold_score_utrpair",,
"feature_correlation_dotplot.R","translation_efficiency","selected","rnafold_zscores","rnafold_zscore_3utr",,
"feature_correlation_dotplot.R","translation_efficiency","selected","rnafold_zscores","rnafold_zscore_5utr",,
"feature_correlation_dotplot.R","translation_efficiency","selected","rnafold_zscores","rnafold_zscore_cds",,
"feature_correlation_dotplot.R","translation_efficiency","selected","rnafold_zscores","rnafold_zscore_last100",,
"feature_correlation_dotplot.R","translation_efficiency","selected","rnafold_zscores","rnafold_zscore_mrna",,
"feature_correlation_dotplot.R","translation_efficiency","selected","rnafold_zscores","rnafold_zscore_start",,
"feature_correlation_dotplot.R","translation_efficiency","selected","rnafold_zscores","rnafold_zscore_stop",,
"feature_correlation_dotplot.R","translation_efficiency","selected","rnafold_zscores","rnafold_zscore_utrpair",,
"feature_correlation_dotplot.R","translation_efficiency","selected","rnalfold_scores","rnalfold_score_3utr",,
"feature_correlation_dotplot.R","translation_efficiency","selected","rnalfold_scores","rnalfold_score_5utr",,
"feature_correlation_dotplot.R","translation_efficiency","selected","rnalfold_scores","rnalfold_score_cds",,
"feature_correlation_dotplot.R","translation_efficiency","selected","rnalfold_scores","rnalfold_score_last100",,
"feature_correlation_dotplot.R","translation_efficiency","selected","rnalfold_scores","rnalfold_score_mrna",,
"feature_correlation_dotplot.R","translation_efficiency","selected","rnalfold_scores","rnalfold_score_start",,
"feature_correlation_dotplot.R","translation_efficiency","selected","rnalfold_scores","rnalfold_score_stop",,
"feature_correlation_dotplot.R","translation_efficiency","selected","rnalfold_zscores","rnalfold_zscore_3utr",,
"feature_correlation_dotplot.R","translation_efficiency","selected","rnalfold_zscores","rnalfold_zscore_5utr",,
"feature_correlation_dotplot.R","translation_efficiency","selected","rnalfold_zscores","rnalfold_zscore_cds",,
"feature_correlation_dotplot.R","translation_efficiency","selected","rnalfold_zscores","rnalfold_zscore_last100",,
"feature_correlation_dotplot.R","translation_efficiency","selected","rnalfold_zscores","rnalfold_zscore_mrna",,
"feature_correlation_dotplot.R","translation_efficiency","selected","rnalfold_zscores","rnalfold_zscore_start",,
"feature_correlation_dotplot.R","translation_efficiency","selected","rnalfold_zscores","rnalfold_zscore_stop",,
"feature_correlation_dotplot.R","translation_efficiency","selected","stopfree","stopfree_length_3utr",,
"feature_correlation_dotplot.R","translation_efficiency","selected","stopfree","stopfree_length_5utr",,
"feature_correlation_dotplot.R","translation_efficiency","selected","stopfree","stopfree_length_cds",,
"feature_correlation_dotplot.R","translation_efficiency","selected","stopfree","stopfree_length_mrna",,
"feature_correlation_dotplot.R","translation_efficiency","selected","uorf_present","uorf_present_mrna",,
"feature_correlation_ranked.R","halflife","plotted","aa_freqs",,"aa_s","cds"
"feature_correlation_ranked.R","halflife","plotted","aa_freqs",,"aa_v","cds"
"feature_correlation_ranked.R","halflife","plotted","amino_ratio",,"amino_ratio","3utr"
"feature_correlation_ranked.R","halflife","plotted","amino_ratio",,"amino_ratio","5utr"
"feature_correlation_ranked.R","halflife","plotted","amino_ratio",,"amino_ratio","cds"
"feature_correlation_ranked.R","halflife","plotted","amino_ratio",,"amino_ratio","last100"
"feature_correlation_ranked.R","halflife","plotted","amino_ratio",,"amino_ratio","mrna"
"feature_correlation_ranked.R","halflife","plotted","amino_ratio",,"amino_ratio","start"
"feature_correlation_ranked.R","halflife","plotted","amino_ratio",,"amino_ratio","stop"
"feature_correlation_ranked.R","halflife","plotted","at_skew",,"at_skew","3utr"
"feature_correlation_ranked.R","halflife","plotted","at_skew",,"at_skew","5utr"
"feature_correlation_ranked.R","halflife","plotted","at_skew",,"at_skew","cds"
"feature_correlation_ranked.R","halflife","plotted","at_skew",,"at_skew","last100"
"feature_correlation_ranked.R","halflife","plotted","at_skew",,"at_skew","mrna"
"feature_correlation_ranked.R","halflife","plotted","at_skew",,"at_skew","start"
"feature_correlation_ranked.R","halflife","plotted","at_skew",,"at_skew","stop"
"feature_correlation_ranked.R","halflife","plotted","cai",,"cai","cds"
"feature_correlation_ranked.R","halflife","plotted","codon_freqs",,"codon_agu","cds"
"feature_correlation_ranked.R","halflife","plotted","codon_freqs",,"codon_auc","cds"
"feature_correlation_ranked.R","halflife","plotted","eej_dist_closest",,"eej_dist_closest","start"
"feature_correlation_ranked.R","halflife","plotted","eej_dist_closest",,"eej_dist_closest","stop"
"feature_correlation_ranked.R","halflife","plotted","exon_density",,"exon_density","mrna"
"feature_correlation_ranked.R","halflife","plotted","gc",,"gc_content","3utr"
"feature_correlation_ranked.R","halflife","plotted","gc",,"gc_content","5utr"
"feature_correlation_ranked.R","halflife","plotted","gc",,"gc_content","cds"
"feature_correlation_ranked.R","halflife","plotted","gc",,"gc_content","last100"
"feature_correlation_ranked.R","halflife","plotted","gc",,"gc_content","mrna"
"feature_correlation_ranked.R","halflife","plotted","gc",,"gc_content","start"
"feature_correlation_ranked.R","halflife","plotted","gc",,"gc_content","stop"
"feature_correlation_ranked.R","halflife","plotted","gc_skew",,"gc_skew","3utr"
"feature_correlation_ranked.R","halflife","plotted","gc_skew",,"gc_skew","5utr"
"feature_correlation_ranked.R","halflife","plotted","gc_skew",,"gc_skew","cds"
"feature_correlation_ranked.R","halflife","plotted","gc_skew",,"gc_skew","last100"
"feature_correlation_ranked.R","halflife","plotted","gc_skew",,"gc_skew","mrna"
"feature_correlation_ranked.R","halflife","plotted","gc_skew",,"gc_skew","start"
"feature_correlation_ranked.R","halflife","plotted","gc_skew",,"gc_skew","stop"
"feature_correlation_ranked.R","halflife","plotted","lengths",,"length","3utr"
"feature_correlation_ranked.R","halflife","plotted","lengths",,"length","5utr"
"feature_correlation_ranked.R","halflife","plotted","lengths",,"length","cds"
"feature_correlation_ranked.R","halflife","plotted","lengths",,"length","mrna"
"feature_correlation_ranked.R","halflife","plotted","mfe_deltas",,"mfe_delta","3utr"
"feature_correlation_ranked.R","halflife","plotted","mfe_deltas",,"mfe_delta","5utr"
"feature_correlation_ranked.R","halflife","plotted","mfe_deltas",,"mfe_delta","cds"
"feature_correlation_ranked.R","halflife","plotted","mfe_deltas",,"mfe_delta","last100"
"feature_correlation_ranked.R","halflife","plotted","mfe_deltas",,"mfe_delta","mrna"
"feature_correlation_ranked.R","halflife","plotted","mfe_deltas",,"mfe_delta","start"
"feature_correlation_ranked.R","halflife","plotted","mfe_deltas",,"mfe_delta","stop"
"feature_correlation_ranked.R","halflife","plotted","mfe_expected",,"mfe_expected","3utr"
"feature_correlation_ranked.R","halflife","plotted","mfe_expected",,"mfe_expected","5utr"
"feature_correlation_ranked.R","halflife","plotted","mfe_expected",,"mfe_expected","cds"
"feature_correlation_ranked.R","halflife","plotted","mfe_expected",,"mfe_expected","last100"
"feature_correlation_ranked.R","halflife","plotted","mfe_expected",,"mfe_expected","mrna"
"feature_correlation_ranked.R","halflife","plotted","mfe_expected",,"mfe_expected","start"
"feature_correlation_ranked.R","halflife","plotted","mfe_expected",,"mfe_expected","stop"
"feature_correlation_ranked.R","halflife","plotted","nmd_alt_stop",,"nmd_alt_stop_codon_density","mrna"
"feature_correlation_ranked.R","halflife","plotted","nmd_snv_fragile",,"nmd_snv_fragile_codon_density","mrna"
"feature_correlation_ranked.R","halflife","plotted","nuc_ratios",,"frac_a","3utr"
"feature_correlation_ranked.R","halflife","plotted","nuc_ratios",,"frac_a","5utr"
"feature_correlation_ranked.R","halflife","plotted","nuc_ratios",,"frac_a","cds"
"feature_correlation_ranked.R","halflife","plotted","nuc_ratios",,"frac_a","last100"
"feature_correlation_ranked.R","halflife","plotted","nuc_ratios",,"frac_a","mrna"
"feature_correlation_ranked.R","halflife","plotted","nuc_ratios",,"frac_a","start"
"feature_correlation_ranked.R","halflife","plotted","nuc_ratios",,"frac_a","stop"
"feature_correlation_ranked.R","halflife","plotted","nuc_ratios",,"frac_c","3utr"
"feature_correlation_ranked.R","halflife","plotted","nuc_ratios",,"frac_c","5utr"
"feature_correlation_ranked.R","halflife","plotted","nuc_ratios",,"frac_c","cds"
"feature_correlation_ranked.R","halflife","plotted","nuc_ratios",,"frac_c","last100"
"feature_correlation_ranked.R","halflife","plotted","nuc_ratios",,"frac_c","mrna"
"feature_correlation_ranked.R","halflife","plotted","nuc_ratios",,"frac_c","start"
"feature_correlation_ranked.R","halflife","plotted","nuc_ratios",,"frac_c","stop"
"feature_correlation_ranked.R","halflife","plotted","nuc_ratios",,"frac_g","3utr"
"feature_correlation_ranked.R","halflife","plotted","nuc_ratios",,"frac_g","5utr"
"feature_correlation_ranked.R","halflife","plotted","nuc_ratios",,"frac_g","cds"
"feature_correlation_ranked.R","halflife","plotted","nuc_ratios",,"frac_g","last100"
"feature_correlation_ranked.R","halflife","plotted","nuc_ratios",,"frac_g","mrna"
"feature_correlation_ranked.R","halflife","plotted","nuc_ratios",,"frac_g","start"
"feature_correlation_ranked.R","halflife","plotted","nuc_ratios",,"frac_g","stop"
"feature_correlation_ranked.R","halflife","plotted","nuc_ratios",,"frac_u","3utr"
"feature_correlation_ranked.R","halflife","plotted","nuc_ratios",,"frac_u","5utr"
"feature_correlation_ranked.R","halflife","plotted","nuc_ratios",,"frac_u","cds"
"feature_correlation_ranked.R","halflife","plotted","nuc_ratios",,"frac_u","last100"
"feature_correlation_ranked.R","halflife","plotted","nuc_ratios",,"frac_u","mrna"
"feature_correlation_ranked.R","halflife","plotted","nuc_ratios",,"frac_u","start"
"feature_correlation_ranked.R","halflife","plotted","nuc_ratios",,"frac_u","stop"
"feature_correlation_ranked.R","halflife","plotted","probing",,"gini_cytoplasm","3utr"
"feature_correlation_ranked.R","halflife","plotted","probing",,"gini_cytoplasm","5utr"
"feature_correlation_ranked.R","halflife","plotted","probing",,"gini_cytoplasm","cds"
"feature_correlation_ranked.R","halflife","plotted","probing",,"gini_cytoplasm","mrna"
"feature_correlation_ranked.R","halflife","plotted","purine_ratio",,"purine_ratio","3utr"
"feature_correlation_ranked.R","halflife","plotted","purine_ratio",,"purine_ratio","5utr"
"feature_correlation_ranked.R","halflife","plotted","purine_ratio",,"purine_ratio","cds"
"feature_correlation_ranked.R","halflife","plotted","purine_ratio",,"purine_ratio","last100"
"feature_correlation_ranked.R","halflife","plotted","purine_ratio",,"purine_ratio","mrna"
"feature_correlation_ranked.R","halflife","plotted","purine_ratio",,"purine_ratio","start"
"feature_correlation_ranked.R","halflife","plotted","purine_ratio",,"purine_ratio","stop"
"feature_correlation_ranked.R","halflife","plotted","rnafold_per_nt",,"rnafold_per_nt","3utr"
"feature_correlation_ranked.R","halflife","plotted","rnafold_per_nt",,"rnafold_per_nt","5utr"
"feature_correlation_ranked.R","halflife","plotted","rnafold_per_nt",,"rnafold_per_nt","cds"
"feature_correlation_ranked.R","halflife","plotted","rnafold_per_nt",,"rnafold_per_nt","last100"
"feature_correlation_ranked.R","halflife","plotted","rnafold_per_nt",,"rnafold_per_nt","mrna"
"feature_correlation_ranked.R","halflife","plotted","rnafold_per_nt",,"rnafold_per_nt","start"
"feature_correlation_ranked.R","halflife","plotted","rnafold_per_nt",,"rnafold_per_nt","stop"
"feature_correlation_ranked.R","halflife","plotted","rnafold_scores",,"rnafold_score","3utr"
"feature_correlation_ranked.R","halflife","plotted","rnafold_scores",,"rnafold_score","5utr"
"feature_correlation_ranked.R","halflife","plotted","rnafold_scores",,"rnafold_score","cds"
"feature_correlation_ranked.R","halflife","plotted","rnafold_scores",,"rnafold_score","last100"
"feature_correlation_ranked.R","halflife","plotted","rnafold_scores",,"rnafold_score","mrna"
"feature_correlation_ranked.R","halflife","plotted","rnafold_scores",,"rnafold_score","start"
"feature_correlation_ranked.R","halflife","plotted","rnafold_scores",,"rnafold_score","stop"
"feature_correlation_ranked.R","halflife","plotted","rnafold_scores",,"rnafold_score","utrpair"
"feature_correlation_ranked.R","halflife","plotted","rnafold_zscores",,"rnafold_zscore","3utr"
"feature_correlation_ranked.R","halflife","plotted","rnafold_zscores",,"rnafold_zscore","5utr"
"feature_correlation_ranked.R","halflife","plotted","rnafold_zscores",,"rnafold_zscore","cds"
"feature_correlation_ranked.R","halflife","plotted","rnafold_zscores",,"rnafold_zscore","last100"
"feature_correlation_ranked.R","halflife","plotted","rnafold_zscores",,"rnafold_zscore","mrna"
"feature_correlation_ranked.R","halflife","plotted","rnafold_zscores",,"rnafold_zscore","start"
"feature_correlation_ranked.R","halflife","plotted","rnafold_zscores",,"rnafold_zscore","stop"
"feature_correlation_ranked.R","halflife","plotted","rnafold_zscores",,"rnafold_zscore","utrpair"
"feature_correlation_ranked.R","halflife","plotted","rnalfold_scores",,"rnalfold_score","3utr"
"feature_correlation_ranked.R","halflife","plotted","rnalfold_scores",,"rnalfold_score","5utr"
"feature_correlation_ranked.R","halflife","plotted","rnalfold_scores",,"rnalfold_score","cds"
"feature_correlation_ranked.R","halflife","plotted","rnalfold_scores",,"rnalfold_score","last100"
"feature_correlation_ranked.R","halflife","plotted","rnalfold_scores",,"rnalfold_score","mrna"
"feature_correlation_ranked.R","halflife","plotted","rnalfold_scores",,"rnalfold_score","start"
"feature_correlation_ranked.R","halflife","plotted","rnalfold_scores",,"rnalfold_score","stop"
"feature_correlation_ranked.R","halflife","plotted","rnalfold_zscores",,"rnalfold_zscore","3utr"
"feature_correlation_ranked.R","halflife","plotted","rnalfold_zscores",,"rnalfold_zscore","5utr"
"feature_correlation_ranked.R","halflife","plotted","rnalfold_zscores",,"rnalfold_zscore","cds"
"feature_correlation_ranked.R","halflife","plotted","rnalfold_zscores",,"rnalfold_zscore","last100"
"feature_correlation_ranked.R","halflife","plotted","rnalfold_zscores",,"rnalfold_zscore","mrna"
"feature_correlation_ranked.R","halflife","plotted","rnalfold_zscores",,"rnalfold_zscore","start"
"feature_correlation_ranked.R","halflife","plotted","rnalfold_zscores",,"rnalfold_zscore","stop"
"feature_correlation_ranked.R","halflife","plotted","stopfree",,"stopfree_length","3utr"
"feature_correlation_ranked.R","halflife","plotted","stopfree",,"stopfree_length","5utr"
"feature_correlation_ranked.R","halflife","plotted","stopfree",,"stopfree_length","cds"
"feature_correlation_ranked.R","halflife","plotted","stopfree",,"stopfree_length","mrna"
"feature_correlation_ranked.R","halflife","plotted","uorf_present",,"uorf_present","mrna"
"feature_correlation_ranked.R","halflife","selected","aa_freqs","aa_a_cds",,
"feature_correlation_ranked.R","halflife","selected","aa_freqs","aa_c_cds",,
"feature_correlation_ranked.R","halflife","selected","aa_freqs","aa_d_cds",,
"feature_correlation_ranked.R","halflife","selected","aa_freqs","aa_e_cds",,
"feature_correlation_ranked.R","halflife","selected","aa_freqs","aa_f_cds",,
"feature_correlation_ranked.R","halflife","selected","aa_freqs","aa_g_cds",,
"feature_correlation_ranked.R","halflife","selected","aa_freqs","aa_h_cds",,
"feature_correlation_ranked.R","halflife","selected","aa_freqs","aa_i_cds",,
"feature_correlation_ranked.R","halflife","selected","aa_freqs","aa_k_cds",,
"feature_correlation_ranked.R","halflife","selected","aa_freqs","aa_l_cds",,
"feature_correlation_ranked.R","halflife","selected","aa_freqs","aa_m_cds",,
"feature_correlation_ranked.R","halflife","selected","aa_freqs","aa_n_cds",,
"feature_correlation_ranked.R","halflife","selected","aa_freqs","aa_p_cds",,
"feature_correlation_ranked.R","halflife","selected","aa_freqs","aa_q_cds",,
"feature_correlation_ranked.R","halflife","selected","aa_freqs","aa_r_cds",,
"feature_correlation_ranked.R","halflife","selected","aa_freqs","aa_s_cds",,
"feature_correlation_ranked.R","halflife","selected","aa_freqs","aa_t_cds",,
"feature_correlation_ranked.R","halflife","selected","aa_freqs","aa_v_cds",,
"feature_correlation_ranked.R","halflife","selected","aa_freqs","aa_w_cds",,
"feature_correlation_ranked.R","halflife","selected","aa_freqs","aa_y_cds",,
"feature_correlation_ranked.R","halflife","selected","amino_ratio","amino_ratio_3utr",,
"feature_correlation_ranked.R","halflife","selected","amino_ratio","amino_ratio_5utr",,
"feature_correlation_ranked.R","halflife","selected","amino_ratio","amino_ratio_cds",,
"feature_correlation_ranked.R","halflife","selected","amino_ratio","amino_ratio_last100",,
"feature_correlation_ranked.R","halflife","selected","amino_ratio","amino_ratio_mrna",,
"feature_correlation_ranked.R","halflife","selected","amino_ratio","amino_ratio_start",,
"feature_correlation_ranked.R","halflife","selected","amino_ratio","amino_ratio_stop",,
"feature_correlation_ranked.R","halflife","selected","at_skew","at_skew_3utr",,
"feature_correlation_ranked.R","halflife","selected","at_skew","at_skew_5utr",,
"feature_correlation_ranked.R","halflife","selected","at_skew","at_skew_cds",,
"feature_correlation_ranked.R","halflife","selected","at_skew","at_skew_last100",,
"feature_correlation_ranked.R","halflife","selected","at_skew","at_skew_mrna",,
"feature_correlation_ranked.R","halflife","selected","at_skew","at_skew_start",,
"feature_correlation_ranked.R","halflife","selected","at_skew","at_skew_stop",,
"feature_correlation_ranked.R","halflife","selected","cai","cai_cds",,
"feature_correlation_ranked.R","halflife","selected","codon_freqs","codon_aaa_cds",,
"feature_correlation_ranked.R","halflife","selected","codon_freqs","codon_aac_cds",,
"feature_correlation_ranked.R","halflife","selected","codon_freqs","codon_aag_cds",,
"feature_correlation_ranked.R","halflife","selected","codon_freqs","codon_aau_cds",,
"feature_correlation_ranked.R","halflife","selected","codon_freqs","codon_aca_cds",,
"feature_correlation_ranked.R","halflife","selected","codon_freqs","codon_acc_cds",,
"feature_correlation_ranked.R","halflife","selected","codon_freqs","codon_acg_cds",,
"feature_correlation_ranked.R","halflife","selected","codon_freqs","codon_acu_cds",,
"feature_correlation_ranked.R","halflife","selected","codon_freqs","codon_aga_cds",,
"feature_correlation_ranked.R","halflife","selected","codon_freqs","codon_agc_cds",,
"feature_correlation_ranked.R","halflife","selected","codon_freqs","codon_agg_cds",,
"feature_correlation_ranked.R","halflife","selected","codon_freqs","codon_agu_cds",,
"feature_correlation_ranked.R","halflife","selected","codon_freqs","codon_aua_cds",,
"feature_correlation_ranked.R","halflife","selected","codon_freqs","codon_auc_cds",,
"feature_correlation_ranked.R","halflife","selected","codon_freqs","codon_aug_cds",,
"feature_correlation_ranked.R","halflife","selected","codon_freqs","codon_auu_cds",,
"feature_correlation_ranked.R","halflife","selected","codon_freqs","codon_caa_cds",,
"feature_correlation_ranked.R","halflife","selected","codon_freqs","codon_cac_cds",,
"feature_correlation_ranked.R","halflife","selected","codon_freqs","codon_cag_cds",,
"feature_correlation_ranked.R","halflife","selected","codon_freqs","codon_cau_cds",,
"feature_correlation_ranked.R","halflife","selected","codon_freqs","codon_cca_cds",,
"feature_correlation_ranked.R","halflife","selected","codon_freqs","codon_ccc_cds",,
"feature_correlation_ranked.R","halflife","selected","codon_freqs","codon_ccg_cds",,
"feature_correlation_ranked.R","halflife","selected","codon_freqs","codon_ccu_cds",,
"feature_correlation_ranked.R","halflife","selected","codon_freqs","codon_cga_cds",,
"feature_correlation_ranked.R","halflife","selected","codon_freqs","codon_cgc_cds",,
"feature_correlation_ranked.R","halflife","selected","codon_freqs","codon_cgg_cds",,
"feature_correlation_ranked.R","halflife","selected","codon_freqs","codon_cgu_cds",,
"feature_correlation_ranked.R","halflife","selected","codon_freqs","codon_cua_cds",,
"feature_correlation_ranked.R","halflife","selected","codon_freqs","codon_cuc_cds",,
"feature_correlation_ranked.R","halflife","selected","codon_freqs","codon_cug_cds",,
"feature_correlation_ranked.R","halflife","selected","codon_freqs","codon_cuu_cds",,
"feature_correlation_ranked.R","halflife","selected","codon_freqs","codon_gaa_cds",,
"feature_correlation_ranked.R","halflife","selected","codon_freqs","codon_gac_cds",,
"feature_correlation_ranked.R","halflife","selected","codon_freqs","codon_gag_cds",,
"feature_correlation_ranked.R","halflife","selected","codon_freqs","codon_gau_cds",,
"feature_correlation_ranked.R","halflife","selected","codon_freqs","codon_gca_cds",,
"feature_correlation_ranked.R","halflife","selected","codon_freqs","codon_gcc_cds",,
"feature_correlation_ranked.R","halflife","selected","codon_freqs","codon_gcg_cds",,
"feature_correlation_ranked.R","halflife","selected","codon_freqs","codon_gcu_cds",,
"feature_correlation_ranked.R","halflife","selected","codon_freqs","codon_gga_cds",,
"feature_correlation_ranked.R","halflife","selected","codon_freqs","codon_ggc_cds",,
"feature_correlation_ranked.R","halflife","selected","codon_freqs","codon_ggg_cds",,
"feature_correlation_ranked.R","halflife","selected","codon_freqs","codon_ggu_cds",,
"feature_correlation_ranked.R","halflife","selected","codon_freqs","codon_gua_cds",,
"feature_correlation_ranked.R","halflife","selected","codon_freqs","codon_guc_cds",,
"feature_correlation_ranked.R","halflife","selected","codon_freqs","codon_gug_cds",,
"feature_correlation_ranked.R","halflife","selected","codon_freqs","codon_guu_cds",,
"feature_correlation_ranked.R","halflife","selected","codon_freqs","codon_uaa_cds",,
"feature_correlation_ranked.R","halflife","selected","codon_freqs","codon_uac_cds",,
"feature_correlation_ranked.R","halflife","selected","codon_freqs","codon_uag_cds",,
"feature_correlation_ranked.R","halflife","selected","codon_freqs","codon_uau_cds",,
"feature_correlation_ranked.R","halflife","selected","codon_freqs","codon_uca_cds",,
"feature_correlation_ranked.R","halflife","selected","codon_freqs","codon_ucc_cds",,
"feature_correlation_ranked.R","halflife","selected","codon_freqs","codon_ucg_cds",,
"feature_correlation_ranked.R","halflife","selected","codon_freqs","codon_ucu_cds",,
"feature_correlation_ranked.R","halflife","selected","codon_freqs","codon_uga_cds",,
"feature_correlation_ranked.R","halflife","selected","codon_freqs","codon_ugc_cds",,
"feature_correlation_ranked.R","halflife","selected","codon_freqs","codon_ugg_cds",,
"feature_correlation_ranked.R","halflife","selected","codon_freqs","codon_ugu_cds",,
"feature_correlation_ranked.R","halflife","selected","codon_freqs","codon_uua_cds",,
"feature_correlation_ranked.R","halflife","selected","codon_freqs","codon_uuc_cds",,
"feature_correlation_ranked.R","halflife","selected","codon_freqs","codon_uug_cds",,
"feature_correlation_ranked.R","halflife","selected","codon_freqs","codon_uuu_cds",,
"feature_correlation_ranked.R","halflife","selected","eej_dist_closest","eej_dist_closest_start",,
"feature_correlation_ranked.R","halflife","selected","eej_dist_closest","eej_dist_closest_stop",,
"feature_correlation_ranked.R","halflife","selected","exon_density","exon_density_mrna",,
"feature_correlation_ranked.R","halflife","selected","gc","gc_content_3utr",,
"feature_correlation_ranked.R","halflife","selected","gc","gc_content_5utr",,
"feature_correlation_ranked.R","halflife","selected","gc","gc_content_cds",,
"feature_correlation_ranked.R","halflife","selected","gc","gc_content_last100",,
"feature_correlation_ranked.R","halflife","selected","gc","gc_content_mrna",,
"feature_correlation_ranked.R","halflife","selected","gc","gc_content_start",,
"feature_correlation_ranked.R","halflife","selected","gc","gc_content_stop",,
"feature_correlation_ranked.R","halflife","selected","gc_skew","gc_skew_3utr",,
"feature_correlation_ranked.R","halflife","selected","gc_skew","gc_skew_5utr",,
"feature_correlation_ranked.R","halflife","selected","gc_skew","gc_skew_cds",,
"feature_correlation_ranked.R","halflife","selected","gc_skew","gc_skew_last100",,
"feature_correlation_ranked.R","halflife","selected","gc_skew","gc_skew_mrna",,
"feature_correlation_ranked.R","halflife","selected","gc_skew","gc_skew_start",,
"feature_correlation_ranked.R","halflife","selected","gc_skew","gc_skew_stop",,
"feature_correlation_ranked.R","halflife","selected","lengths","length_3utr",,
"feature_correlation_ranked.R","halflife","selected","lengths","length_5utr",,
"feature_correlation_ranked.R","halflife","selected","lengths","length_cds",,
"feature_correlation_ranked.R","halflife","selected","lengths","length_mrna",,
"feature_correlation_ranked.R","halflife","selected","mfe_deltas","mfe_delta_3utr",,
"feature_correlation_ranked.R","halflife","selected","mfe_deltas","mfe_delta_5utr",,
"feature_correlation_ranked.R","halflife","selected","mfe_deltas","mfe_delta_cds",,
"feature_correlation_ranked.R","halflife","selected","mfe_deltas","mfe_delta_last100",,
"feature_correlation_ranked.R","halflife","selected","mfe_deltas","mfe_delta_mrna",,
"feature_correlation_ranked.R","halflife","selected","mfe_deltas","mfe_delta_start",,
"feature_correlation_ranked.R","halflife","selected","mfe_deltas","mfe_delta_stop",,
"feature_correlation_ranked.R","halflife","selected","mfe_expected","mfe_expected_3utr",,
"feature_correlation_ranked.R","halflife","selected","mfe_expected","mfe_expected_5utr",,
"feature_correlation_ranked.R","halflife","selected","mfe_expected","mfe_expected_cds",,
"feature_correlation_ranked.R","halflife","selected","mfe_expected","mfe_expected_last100",,
"feature_correlation_ranked.R","halflife","selected","mfe_expected","mfe_expected_mrna",,
"feature_correlation_ranked.R","halflife","selected","mfe_expected","mfe_expected_start",,
"feature_correlation_ranked.R","halflife","selected","mfe_expected","mfe_expected_stop",,
"feature_correlation_ranked.R","halflife","selected","nmd_alt_stop","nmd_alt_stop_codon_density_mrna",,
"feature_correlation_ranked.R","halflife","selected","nmd_snv_fragile","nmd_snv_fragile_codon_density_mrna",,
"feature_correlation_ranked.R","halflife","selected","nuc_ratios","frac_a_3utr",,
"feature_correlation_ranked.R","halflife","selected","nuc_ratios","frac_a_5utr",,
"feature_correlation_ranked.R","halflife","selected","nuc_ratios","frac_a_cds",,
"feature_correlation_ranked.R","halflife","selected","nuc_ratios","frac_a_last100",,
"feature_correlation_ranked.R","halflife","selected","nuc_ratios","frac_a_mrna",,
"feature_correlation_ranked.R","halflife","selected","nuc_ratios","frac_a_start",,
"feature_correlation_ranked.R","halflife","selected","nuc_ratios","frac_a_stop",,
"feature_correlation_ranked.R","halflife","selected","nuc_ratios","frac_c_3utr",,
"feature_correlation_ranked.R","halflife","selected","nuc_ratios","frac_c_5utr",,
"feature_correlation_ranked.R","halflife","selected","nuc_ratios","frac_c_cds",,
"feature_correlation_ranked.R","halflife","selected","nuc_ratios","frac_c_last100",,
"feature_correlation_ranked.R","halflife","selected","nuc_ratios","frac_c_mrna",,
"feature_correlation_ranked.R","halflife","selected","nuc_ratios","frac_c_start",,
"feature_correlation_ranked.R","halflife","selected","nuc_ratios","frac_c_stop",,
"feature_correlation_ranked.R","halflife","selected","nuc_ratios","frac_g_3utr",,
"feature_correlation_ranked.R","halflife","selected","nuc_ratios","frac_g_5utr",,
"feature_correlation_ranked.R","halflife","selected","nuc_ratios","frac_g_cds",,
"feature_correlation_ranked.R","halflife","selected","nuc_ratios","frac_g_last100",,
"feature_correlation_ranked.R","halflife","selected","nuc_ratios","frac_g_mrna",,
"feature_correlation_ranked.R","halflife","selected","nuc_ratios","frac_g_start",,
"feature_correlation_ranked.R","halflife","selected","nuc_ratios","frac_g_stop",,
"feature_correlation_ranked.R","halflife","selected","nuc_ratios","frac_u_3utr",,
"feature_correlation_ranked.R","halflife","selected","nuc_ratios","frac_u_5utr",,
"feature_correlation_ranked.R","halflife","selected","nuc_ratios","frac_u_cds",,
"feature_correlation_ranked.R","halflife","selected","nuc_ratios","frac_u_last100",,
"feature_correlation_ranked.R","halflife","selected","nuc_ratios","frac_u_mrna",,
"feature_correlation_ranked.R","halflife","selected","nuc_ratios","frac_u_start",,
"feature_correlation_ranked.R","halflife","selected","nuc_ratios","frac_u_stop",,
"feature_correlation_ranked.R","halflife","selected","probing","gini_cytoplasm_3utr",,
"feature_correlation_ranked.R","halflife","selected","probing","gini_cytoplasm_5utr",,
"feature_correlation_ranked.R","halflife","selected","probing","gini_cytoplasm_cds",,
"feature_correlation_ranked.R","halflife","selected","probing","gini_cytoplasm_mrna",,
"feature_correlation_ranked.R","halflife","selected","purine_ratio","purine_ratio_3utr",,
"feature_correlation_ranked.R","halflife","selected","purine_ratio","purine_ratio_5utr",,
"feature_correlation_ranked.R","halflife","selected","purine_ratio","purine_ratio_cds",,
"feature_correlation_ranked.R","halflife","selected","purine_ratio","purine_ratio_last100",,
"feature_correlation_ranked.R","halflife","selected","purine_ratio","purine_ratio_mrna",,
"feature_correlation_ranked.R","halflife","selected","purine_ratio","purine_ratio_start",,
"feature_correlation_ranked.R","halflife","selected","purine_ratio","purine_ratio_stop",,
"feature_correlation_ranked.R","halflife","selected","rnafold_per_nt","rnafold_per_nt_3utr",,
"feature_correlation_ranked.R","halflife","selected","rnafold_per_nt","rnafold_per_nt_5utr",,
"feature_correlation_ranked.R","halflife","selected","rnafold_per_nt","rnafold_per_nt_cds",,
"feature_correlation_ranked.R","halflife","selected","rnafold_per_nt","rnafold_per_nt_last100",,
"feature_correlation_ranked.R","halflife","selected","rnafold_per_nt","rnafold_per_nt_mrna",,
"feature_correlation_ranked.R","halflife","selected","rnafold_per_nt","rnafold_per_nt_start",,
"feature_correlation_ranked.R","halflife","selected","rnafold_per_nt","rnafold_per_nt_stop",,
"feature_correlation_ranked.R","halflife","selected","rnafold_scores","rnafold_score_3utr",,
"feature_correlation_ranked.R","halflife","selected","rnafold_scores","rnafold_score_5utr",,
"feature_correlation_ranked.R","halflife","selected","rnafold_scores","rnafold_score_cds",,
"feature_correlation_ranked.R","halflife","selected","rnafold_scores","rnafold_score_last100",,
"feature_correlation_ranked.R","halflife","selected","rnafold_scores","rnafold_score_mrna",,
"feature_correlation_ranked.R","halflife","selected","rnafold_scores","rnafold_score_start",,
"feature_correlation_ranked.R","halflife","selected","rnafold_scores","rnafold_score_stop",,
"feature_correlation_ranked.R","halflife","selected","rnafold_scores","rnafold_score_utrpair",,
"feature_correlation_ranked.R","halflife","selected","rnafold_zscores","rnafold_zscore_3utr",,
"feature_correlation_ranked.R","halflife","selected","rnafold_zscores","rnafold_zscore_5utr",,
"feature_correlation_ranked.R","halflife","selected","rnafold_zscores","rnafold_zscore_cds",,
"feature_correlation_ranked.R","halflife","selected","rnafold_zscores","rnafold_zscore_last100",,
"feature_correlation_ranked.R","halflife","selected","rnafold_zscores","rnafold_zscore_mrna",,
"feature_correlation_ranked.R","halflife","selected","rnafold_zscores","rnafold_zscore_start",,
"feature_correlation_ranked.R","halflife","selected","rnafold_zscores","rnafold_zscore_stop",,
"feature_correlation_ranked.R","halflife","selected","rnafold_zscores","rnafold_zscore_utrpair",,
"feature_correlation_ranked.R","halflife","selected","rnalfold_scores","rnalfold_score_3utr",,
"feature_correlation_ranked.R","halflife","selected","rnalfold_scores","rnalfold_score_5utr",,
"feature_correlation_ranked.R","halflife","selected","rnalfold_scores","rnalfold_score_cds",,
"feature_correlation_ranked.R","halflife","selected","rnalfold_scores","rnalfold_score_last100",,
"feature_correlation_ranked.R","halflife","selected","rnalfold_scores","rnalfold_score_mrna",,
"feature_correlation_ranked.R","halflife","selected","rnalfold_scores","rnalfold_score_start",,
"feature_correlation_ranked.R","halflife","selected","rnalfold_scores","rnalfold_score_stop",,
"feature_correlation_ranked.R","halflife","selected","rnalfold_zscores","rnalfold_zscore_3utr",,
"feature_correlation_ranked.R","halflife","selected","rnalfold_zscores","rnalfold_zscore_5utr",,
"feature_correlation_ranked.R","halflife","selected","rnalfold_zscores","rnalfold_zscore_cds",,
"feature_correlation_ranked.R","halflife","selected","rnalfold_zscores","rnalfold_zscore_last100",,
"feature_correlation_ranked.R","halflife","selected","rnalfold_zscores","rnalfold_zscore_mrna",,
"feature_correlation_ranked.R","halflife","selected","rnalfold_zscores","rnalfold_zscore_start",,
"feature_correlation_ranked.R","halflife","selected","rnalfold_zscores","rnalfold_zscore_stop",,
"feature_correlation_ranked.R","halflife","selected","stopfree","stopfree_length_3utr",,
"feature_correlation_ranked.R","halflife","selected","stopfree","stopfree_length_5utr",,
"feature_correlation_ranked.R","halflife","selected","stopfree","stopfree_length_cds",,
"feature_correlation_ranked.R","halflife","selected","stopfree","stopfree_length_mrna",,
"feature_correlation_ranked.R","halflife","selected","uorf_present","uorf_present_mrna",,
"feature_correlation_ranked.R","halflife_aa_full","plotted","aa_freqs",,"aa_a","cds"
"feature_correlation_ranked.R","halflife_aa_full","plotted","aa_freqs",,"aa_c","cds"
"feature_correlation_ranked.R","halflife_aa_full","plotted","aa_freqs",,"aa_d","cds"
"feature_correlation_ranked.R","halflife_aa_full","plotted","aa_freqs",,"aa_e","cds"
"feature_correlation_ranked.R","halflife_aa_full","plotted","aa_freqs",,"aa_f","cds"
"feature_correlation_ranked.R","halflife_aa_full","plotted","aa_freqs",,"aa_g","cds"
"feature_correlation_ranked.R","halflife_aa_full","plotted","aa_freqs",,"aa_h","cds"
"feature_correlation_ranked.R","halflife_aa_full","plotted","aa_freqs",,"aa_i","cds"
"feature_correlation_ranked.R","halflife_aa_full","plotted","aa_freqs",,"aa_k","cds"
"feature_correlation_ranked.R","halflife_aa_full","plotted","aa_freqs",,"aa_l","cds"
"feature_correlation_ranked.R","halflife_aa_full","plotted","aa_freqs",,"aa_m","cds"
"feature_correlation_ranked.R","halflife_aa_full","plotted","aa_freqs",,"aa_n","cds"
"feature_correlation_ranked.R","halflife_aa_full","plotted","aa_freqs",,"aa_p","cds"
"feature_correlation_ranked.R","halflife_aa_full","plotted","aa_freqs",,"aa_q","cds"
"feature_correlation_ranked.R","halflife_aa_full","plotted","aa_freqs",,"aa_r","cds"
"feature_correlation_ranked.R","halflife_aa_full","plotted","aa_freqs",,"aa_s","cds"
"feature_correlation_ranked.R","halflife_aa_full","plotted","aa_freqs",,"aa_t","cds"
"feature_correlation_ranked.R","halflife_aa_full","plotted","aa_freqs",,"aa_v","cds"
"feature_correlation_ranked.R","halflife_aa_full","plotted","aa_freqs",,"aa_w","cds"
"feature_correlation_ranked.R","halflife_aa_full","plotted","aa_freqs",,"aa_y","cds"
"feature_correlation_ranked.R","halflife_aa_full","selected","aa_freqs","aa_a_cds",,
"feature_correlation_ranked.R","halflife_aa_full","selected","aa_freqs","aa_c_cds",,
"feature_correlation_ranked.R","halflife_aa_full","selected","aa_freqs","aa_d_cds",,
"feature_correlation_ranked.R","halflife_aa_full","selected","aa_freqs","aa_e_cds",,
"feature_correlation_ranked.R","halflife_aa_full","selected","aa_freqs","aa_f_cds",,
"feature_correlation_ranked.R","halflife_aa_full","selected","aa_freqs","aa_g_cds",,
"feature_correlation_ranked.R","halflife_aa_full","selected","aa_freqs","aa_h_cds",,
"feature_correlation_ranked.R","halflife_aa_full","selected","aa_freqs","aa_i_cds",,
"feature_correlation_ranked.R","halflife_aa_full","selected","aa_freqs","aa_k_cds",,
"feature_correlation_ranked.R","halflife_aa_full","selected","aa_freqs","aa_l_cds",,
"feature_correlation_ranked.R","halflife_aa_full","selected","aa_freqs","aa_m_cds",,
"feature_correlation_ranked.R","halflife_aa_full","selected","aa_freqs","aa_n_cds",,
"feature_correlation_ranked.R","halflife_aa_full","selected","aa_freqs","aa_p_cds",,
"feature_correlation_ranked.R","halflife_aa_full","selected","aa_freqs","aa_q_cds",,
"feature_correlation_ranked.R","halflife_aa_full","selected","aa_freqs","aa_r_cds",,
"feature_correlation_ranked.R","halflife_aa_full","selected","aa_freqs","aa_s_cds",,
"feature_correlation_ranked.R","halflife_aa_full","selected","aa_freqs","aa_t_cds",,
"feature_correlation_ranked.R","halflife_aa_full","selected","aa_freqs","aa_v_cds",,
"feature_correlation_ranked.R","halflife_aa_full","selected","aa_freqs","aa_w_cds",,
"feature_correlation_ranked.R","halflife_aa_full","selected","aa_freqs","aa_y_cds",,
"feature_correlation_ranked.R","halflife_codon_full","plotted","codon_freqs",,"codon_aaa","cds"
"feature_correlation_ranked.R","halflife_codon_full","plotted","codon_freqs",,"codon_aac","cds"
"feature_correlation_ranked.R","halflife_codon_full","plotted","codon_freqs",,"codon_aag","cds"
"feature_correlation_ranked.R","halflife_codon_full","plotted","codon_freqs",,"codon_aau","cds"
"feature_correlation_ranked.R","halflife_codon_full","plotted","codon_freqs",,"codon_aca","cds"
"feature_correlation_ranked.R","halflife_codon_full","plotted","codon_freqs",,"codon_acc","cds"
"feature_correlation_ranked.R","halflife_codon_full","plotted","codon_freqs",,"codon_acg","cds"
"feature_correlation_ranked.R","halflife_codon_full","plotted","codon_freqs",,"codon_acu","cds"
"feature_correlation_ranked.R","halflife_codon_full","plotted","codon_freqs",,"codon_aga","cds"
"feature_correlation_ranked.R","halflife_codon_full","plotted","codon_freqs",,"codon_agc","cds"
"feature_correlation_ranked.R","halflife_codon_full","plotted","codon_freqs",,"codon_agg","cds"
"feature_correlation_ranked.R","halflife_codon_full","plotted","codon_freqs",,"codon_agu","cds"
"feature_correlation_ranked.R","halflife_codon_full","plotted","codon_freqs",,"codon_aua","cds"
"feature_correlation_ranked.R","halflife_codon_full","plotted","codon_freqs",,"codon_auc","cds"
"feature_correlation_ranked.R","halflife_codon_full","plotted","codon_freqs",,"codon_aug","cds"
"feature_correlation_ranked.R","halflife_codon_full","plotted","codon_freqs",,"codon_auu","cds"
"feature_correlation_ranked.R","halflife_codon_full","plotted","codon_freqs",,"codon_caa","cds"
"feature_correlation_ranked.R","halflife_codon_full","plotted","codon_freqs",,"codon_cac","cds"
"feature_correlation_ranked.R","halflife_codon_full","plotted","codon_freqs",,"codon_cag","cds"
"feature_correlation_ranked.R","halflife_codon_full","plotted","codon_freqs",,"codon_cau","cds"
"feature_correlation_ranked.R","halflife_codon_full","plotted","codon_freqs",,"codon_cca","cds"
"feature_correlation_ranked.R","halflife_codon_full","plotted","codon_freqs",,"codon_ccc","cds"
"feature_correlation_ranked.R","halflife_codon_full","plotted","codon_freqs",,"codon_ccg","cds"
"feature_correlation_ranked.R","halflife_codon_full","plotted","codon_freqs",,"codon_ccu","cds"
"feature_correlation_ranked.R","halflife_codon_full","plotted","codon_freqs",,"codon_cga","cds"
"feature_correlation_ranked.R","halflife_codon_full","plotted","codon_freqs",,"codon_cgc","cds"
"feature_correlation_ranked.R","halflife_codon_full","plotted","codon_freqs",,"codon_cgg","cds"
"feature_correlation_ranked.R","halflife_codon_full","plotted","codon_freqs",,"codon_cgu","cds"
"feature_correlation_ranked.R","halflife_codon_full","plotted","codon_freqs",,"codon_cua","cds"
"feature_correlation_ranked.R","halflife_codon_full","plotted","codon_freqs",,"codon_cuc","cds"
"feature_correlation_ranked.R","halflife_codon_full","plotted","codon_freqs",,"codon_cug","cds"
"feature_correlation_ranked.R","halflife_codon_full","plotted","codon_freqs",,"codon_cuu","cds"
"feature_correlation_ranked.R","halflife_codon_full","plotted","codon_freqs",,"codon_gaa","cds"
"feature_correlation_ranked.R","halflife_codon_full","plotted","codon_freqs",,"codon_gac","cds"
"feature_correlation_ranked.R","halflife_codon_full","plotted","codon_freqs",,"codon_gag","cds"
"feature_correlation_ranked.R","halflife_codon_full","plotted","codon_freqs",,"codon_gau","cds"
"feature_correlation_ranked.R","halflife_codon_full","plotted","codon_freqs",,"codon_gca","cds"
"feature_correlation_ranked.R","halflife_codon_full","plotted","codon_freqs",,"codon_gcc","cds"
"feature_correlation_ranked.R","halflife_codon_full","plotted","codon_freqs",,"codon_gcg","cds"
"feature_correlation_ranked.R","halflife_codon_full","plotted","codon_freqs",,"codon_gcu","cds"
"feature_correlation_ranked.R","halflife_codon_full","plotted","codon_freqs",,"codon_gga","cds"
"feature_correlation_ranked.R","halflife_codon_full","plotted","codon_freqs",,"codon_ggc","cds"
"feature_correlation_ranked.R","halflife_codon_full","plotted","codon_freqs",,"codon_ggg","cds"
"feature_correlation_ranked.R","halflife_codon_full","plotted","codon_freqs",,"codon_ggu","cds"
"feature_correlation_ranked.R","halflife_codon_full","plotted","codon_freqs",,"codon_gua","cds"
"feature_correlation_ranked.R","halflife_codon_full","plotted","codon_freqs",,"codon_guc","cds"
"feature_correlation_ranked.R","halflife_codon_full","plotted","codon_freqs",,"codon_gug","cds"
"feature_correlation_ranked.R","halflife_codon_full","plotted","codon_freqs",,"codon_guu","cds"
"feature_correlation_ranked.R","halflife_codon_full","plotted","codon_freqs",,"codon_uaa","cds"
"feature_correlation_ranked.R","halflife_codon_full","plotted","codon_freqs",,"codon_uac","cds"
"feature_correlation_ranked.R","halflife_codon_full","plotted","codon_freqs",,"codon_uag","cds"
"feature_correlation_ranked.R","halflife_codon_full","plotted","codon_freqs",,"codon_uau","cds"
"feature_correlation_ranked.R","halflife_codon_full","plotted","codon_freqs",,"codon_uca","cds"
"feature_correlation_ranked.R","halflife_codon_full","plotted","codon_freqs",,"codon_ucc","cds"
"feature_correlation_ranked.R","halflife_codon_full","plotted","codon_freqs",,"codon_ucg","cds"
"feature_correlation_ranked.R","halflife_codon_full","plotted","codon_freqs",,"codon_ucu","cds"
"feature_correlation_ranked.R","halflife_codon_full","plotted","codon_freqs",,"codon_uga","cds"
"feature_correlation_ranked.R","halflife_codon_full","plotted","codon_freqs",,"codon_ugc","cds"
"feature_correlation_ranked.R","halflife_codon_full","plotted","codon_freqs",,"codon_ugg","cds"
"feature_correlation_ranked.R","halflife_codon_full","plotted","codon_freqs",,"codon_ugu","cds"
"feature_correlation_ranked.R","halflife_codon_full","plotted","codon_freqs",,"codon_uua","cds"
"feature_correlation_ranked.R","halflife_codon_full","plotted","codon_freqs",,"codon_uuc","cds"
"feature_correlation_ranked.R","halflife_codon_full","plotted","codon_freqs",,"codon_uug","cds"
"feature_correlation_ranked.R","halflife_codon_full","plotted","codon_freqs",,"codon_uuu","cds"
"feature_correlation_ranked.R","halflife_codon_full","selected","codon_freqs","codon_aaa_cds",,
"feature_correlation_ranked.R","halflife_codon_full","selected","codon_freqs","codon_aac_cds",,
"feature_correlation_ranked.R","halflife_codon_full","selected","codon_freqs","codon_aag_cds",,
"feature_correlation_ranked.R","halflife_codon_full","selected","codon_freqs","codon_aau_cds",,
"feature_correlation_ranked.R","halflife_codon_full","selected","codon_freqs","codon_aca_cds",,
"feature_correlation_ranked.R","halflife_codon_full","selected","codon_freqs","codon_acc_cds",,
"feature_correlation_ranked.R","halflife_codon_full","selected","codon_freqs","codon_acg_cds",,
"feature_correlation_ranked.R","halflife_codon_full","selected","codon_freqs","codon_acu_cds",,
"feature_correlation_ranked.R","halflife_codon_full","selected","codon_freqs","codon_aga_cds",,
"feature_correlation_ranked.R","halflife_codon_full","selected","codon_freqs","codon_agc_cds",,
"feature_correlation_ranked.R","halflife_codon_full","selected","codon_freqs","codon_agg_cds",,
"feature_correlation_ranked.R","halflife_codon_full","selected","codon_freqs","codon_agu_cds",,
"feature_correlation_ranked.R","halflife_codon_full","selected","codon_freqs","codon_aua_cds",,
"feature_correlation_ranked.R","halflife_codon_full","selected","codon_freqs","codon_auc_cds",,
"feature_correlation_ranked.R","halflife_codon_full","selected","codon_freqs","codon_aug_cds",,
"feature_correlation_ranked.R","halflife_codon_full","selected","codon_freqs","codon_auu_cds",,
"feature_correlation_ranked.R","halflife_codon_full","selected","codon_freqs","codon_caa_cds",,
"feature_correlation_ranked.R","halflife_codon_full","selected","codon_freqs","codon_cac_cds",,
"feature_correlation_ranked.R","halflife_codon_full","selected","codon_freqs","codon_cag_cds",,
"feature_correlation_ranked.R","halflife_codon_full","selected","codon_freqs","codon_cau_cds",,
"feature_correlation_ranked.R","halflife_codon_full","selected","codon_freqs","codon_cca_cds",,
"feature_correlation_ranked.R","halflife_codon_full","selected","codon_freqs","codon_ccc_cds",,
"feature_correlation_ranked.R","halflife_codon_full","selected","codon_freqs","codon_ccg_cds",,
"feature_correlation_ranked.R","halflife_codon_full","selected","codon_freqs","codon_ccu_cds",,
"feature_correlation_ranked.R","halflife_codon_full","selected","codon_freqs","codon_cga_cds",,
"feature_correlation_ranked.R","halflife_codon_full","selected","codon_freqs","codon_cgc_cds",,
"feature_correlation_ranked.R","halflife_codon_full","selected","codon_freqs","codon_cgg_cds",,
"feature_correlation_ranked.R","halflife_codon_full","selected","codon_freqs","codon_cgu_cds",,
"feature_correlation_ranked.R","halflife_codon_full","selected","codon_freqs","codon_cua_cds",,
"feature_correlation_ranked.R","halflife_codon_full","selected","codon_freqs","codon_cuc_cds",,
"feature_correlation_ranked.R","halflife_codon_full","selected","codon_freqs","codon_cug_cds",,
"feature_correlation_ranked.R","halflife_codon_full","selected","codon_freqs","codon_cuu_cds",,
"feature_correlation_ranked.R","halflife_codon_full","selected","codon_freqs","codon_gaa_cds",,
"feature_correlation_ranked.R","halflife_codon_full","selected","codon_freqs","codon_gac_cds",,
"feature_correlation_ranked.R","halflife_codon_full","selected","codon_freqs","codon_gag_cds",,
"feature_correlation_ranked.R","halflife_codon_full","selected","codon_freqs","codon_gau_cds",,
"feature_correlation_ranked.R","halflife_codon_full","selected","codon_freqs","codon_gca_cds",,
"feature_correlation_ranked.R","halflife_codon_full","selected","codon_freqs","codon_gcc_cds",,
"feature_correlation_ranked.R","halflife_codon_full","selected","codon_freqs","codon_gcg_cds",,
"feature_correlation_ranked.R","halflife_codon_full","selected","codon_freqs","codon_gcu_cds",,
"feature_correlation_ranked.R","halflife_codon_full","selected","codon_freqs","codon_gga_cds",,
"feature_correlation_ranked.R","halflife_codon_full","selected","codon_freqs","codon_ggc_cds",,
"feature_correlation_ranked.R","halflife_codon_full","selected","codon_freqs","codon_ggg_cds",,
"feature_correlation_ranked.R","halflife_codon_full","selected","codon_freqs","codon_ggu_cds",,
"feature_correlation_ranked.R","halflife_codon_full","selected","codon_freqs","codon_gua_cds",,
"feature_correlation_ranked.R","halflife_codon_full","selected","codon_freqs","codon_guc_cds",,
"feature_correlation_ranked.R","halflife_codon_full","selected","codon_freqs","codon_gug_cds",,
"feature_correlation_ranked.R","halflife_codon_full","selected","codon_freqs","codon_guu_cds",,
"feature_correlation_ranked.R","halflife_codon_full","selected","codon_freqs","codon_uaa_cds",,
"feature_correlation_ranked.R","halflife_codon_full","selected","codon_freqs","codon_uac_cds",,
"feature_correlation_ranked.R","halflife_codon_full","selected","codon_freqs","codon_uag_cds",,
"feature_correlation_ranked.R","halflife_codon_full","selected","codon_freqs","codon_uau_cds",,
"feature_correlation_ranked.R","halflife_codon_full","selected","codon_freqs","codon_uca_cds",,
"feature_correlation_ranked.R","halflife_codon_full","selected","codon_freqs","codon_ucc_cds",,
"feature_correlation_ranked.R","halflife_codon_full","selected","codon_freqs","codon_ucg_cds",,
"feature_correlation_ranked.R","halflife_codon_full","selected","codon_freqs","codon_ucu_cds",,
"feature_correlation_ranked.R","halflife_codon_full","selected","codon_freqs","codon_uga_cds",,
"feature_correlation_ranked.R","halflife_codon_full","selected","codon_freqs","codon_ugc_cds",,
"feature_correlation_ranked.R","halflife_codon_full","selected","codon_freqs","codon_ugg_cds",,
"feature_correlation_ranked.R","halflife_codon_full","selected","codon_freqs","codon_ugu_cds",,
"feature_correlation_ranked.R","halflife_codon_full","selected","codon_freqs","codon_uua_cds",,
"feature_correlation_ranked.R","halflife_codon_full","selected","codon_freqs","codon_uuc_cds",,
"feature_correlation_ranked.R","halflife_codon_full","selected","codon_freqs","codon_uug_cds",,
"feature_correlation_ranked.R","halflife_codon_full","selected","codon_freqs","codon_uuu_cds",,
"feature_correlation_ranked.R","translation_efficiency","plotted","aa_freqs",,"aa_h","cds"
"feature_correlation_ranked.R","translation_efficiency","plotted","aa_freqs",,"aa_s","cds"
"feature_correlation_ranked.R","translation_efficiency","plotted","amino_ratio",,"amino_ratio","3utr"
"feature_correlation_ranked.R","translation_efficiency","plotted","amino_ratio",,"amino_ratio","5utr"
"feature_correlation_ranked.R","translation_efficiency","plotted","amino_ratio",,"amino_ratio","cds"
"feature_correlation_ranked.R","translation_efficiency","plotted","amino_ratio",,"amino_ratio","last100"
"feature_correlation_ranked.R","translation_efficiency","plotted","amino_ratio",,"amino_ratio","mrna"
"feature_correlation_ranked.R","translation_efficiency","plotted","amino_ratio",,"amino_ratio","start"
"feature_correlation_ranked.R","translation_efficiency","plotted","amino_ratio",,"amino_ratio","stop"
"feature_correlation_ranked.R","translation_efficiency","plotted","at_skew",,"at_skew","3utr"
"feature_correlation_ranked.R","translation_efficiency","plotted","at_skew",,"at_skew","5utr"
"feature_correlation_ranked.R","translation_efficiency","plotted","at_skew",,"at_skew","cds"
"feature_correlation_ranked.R","translation_efficiency","plotted","at_skew",,"at_skew","last100"
"feature_correlation_ranked.R","translation_efficiency","plotted","at_skew",,"at_skew","mrna"
"feature_correlation_ranked.R","translation_efficiency","plotted","at_skew",,"at_skew","start"
"feature_correlation_ranked.R","translation_efficiency","plotted","at_skew",,"at_skew","stop"
"feature_correlation_ranked.R","translation_efficiency","plotted","cai",,"cai","cds"
"feature_correlation_ranked.R","translation_efficiency","plotted","codon_freqs",,"codon_agc","cds"
"feature_correlation_ranked.R","translation_efficiency","plotted","codon_freqs",,"codon_cac","cds"
"feature_correlation_ranked.R","translation_efficiency","plotted","eej_dist_closest",,"eej_dist_closest","start"
"feature_correlation_ranked.R","translation_efficiency","plotted","eej_dist_closest",,"eej_dist_closest","stop"
"feature_correlation_ranked.R","translation_efficiency","plotted","exon_density",,"exon_density","mrna"
"feature_correlation_ranked.R","translation_efficiency","plotted","gc",,"gc_content","3utr"
"feature_correlation_ranked.R","translation_efficiency","plotted","gc",,"gc_content","5utr"
"feature_correlation_ranked.R","translation_efficiency","plotted","gc",,"gc_content","cds"
"feature_correlation_ranked.R","translation_efficiency","plotted","gc",,"gc_content","last100"
"feature_correlation_ranked.R","translation_efficiency","plotted","gc",,"gc_content","mrna"
"feature_correlation_ranked.R","translation_efficiency","plotted","gc",,"gc_content","start"
"feature_correlation_ranked.R","translation_efficiency","plotted","gc",,"gc_content","stop"
"feature_correlation_ranked.R","translation_efficiency","plotted","gc_skew",,"gc_skew","3utr"
"feature_correlation_ranked.R","translation_efficiency","plotted","gc_skew",,"gc_skew","5utr"
"feature_correlation_ranked.R","translation_efficiency","plotted","gc_skew",,"gc_skew","cds"
"feature_correlation_ranked.R","translation_efficiency","plotted","gc_skew",,"gc_skew","last100"
"feature_correlation_ranked.R","translation_efficiency","plotted","gc_skew",,"gc_skew","mrna"
"feature_correlation_ranked.R","translation_efficiency","plotted","gc_skew",,"gc_skew","start"
"feature_correlation_ranked.R","translation_efficiency","plotted","gc_skew",,"gc_skew","stop"
"feature_correlation_ranked.R","translation_efficiency","plotted","lengths",,"length","3utr"
"feature_correlation_ranked.R","translation_efficiency","plotted","lengths",,"length","5utr"
"feature_correlation_ranked.R","translation_efficiency","plotted","lengths",,"length","cds"
"feature_correlation_ranked.R","translation_efficiency","plotted","lengths",,"length","mrna"
"feature_correlation_ranked.R","translation_efficiency","plotted","mfe_deltas",,"mfe_delta","3utr"
"feature_correlation_ranked.R","translation_efficiency","plotted","mfe_deltas",,"mfe_delta","5utr"
"feature_correlation_ranked.R","translation_efficiency","plotted","mfe_deltas",,"mfe_delta","cds"
"feature_correlation_ranked.R","translation_efficiency","plotted","mfe_deltas",,"mfe_delta","last100"
"feature_correlation_ranked.R","translation_efficiency","plotted","mfe_deltas",,"mfe_delta","mrna"
"feature_correlation_ranked.R","translation_efficiency","plotted","mfe_deltas",,"mfe_delta","start"
"feature_correlation_ranked.R","translation_efficiency","plotted","mfe_deltas",,"mfe_delta","stop"
"feature_correlation_ranked.R","translation_efficiency","plotted","mfe_expected",,"mfe_expected","3utr"
"feature_correlation_ranked.R","translation_efficiency","plotted","mfe_expected",,"mfe_expected","5utr"
"feature_correlation_ranked.R","translation_efficiency","plotted","mfe_expected",,"mfe_expected","cds"
"feature_correlation_ranked.R","translation_efficiency","plotted","mfe_expected",,"mfe_expected","last100"
"feature_correlation_ranked.R","translation_efficiency","plotted","mfe_expected",,"mfe_expected","mrna"
"feature_correlation_ranked.R","translation_efficiency","plotted","mfe_expected",,"mfe_expected","start"
"feature_correlation_ranked.R","translation_efficiency","plotted","mfe_expected",,"mfe_expected","stop"
"feature_correlation_ranked.R","translation_efficiency","plotted","nmd_alt_stop",,"nmd_alt_stop_codon_density","mrna"
"feature_correlation_ranked.R","translation_efficiency","plotted","nmd_snv_fragile",,"nmd_snv_fragile_codon_density","mrna"
"feature_correlation_ranked.R","translation_efficiency","plotted","nuc_ratios",,"frac_a","3utr"
"feature_correlation_ranked.R","translation_efficiency","plotted","nuc_ratios",,"frac_a","5utr"
"feature_correlation_ranked.R","translation_efficiency","plotted","nuc_ratios",,"frac_a","cds"
"feature_correlation_ranked.R","translation_efficiency","plotted","nuc_ratios",,"frac_a","last100"
"feature_correlation_ranked.R","translation_efficiency","plotted","nuc_ratios",,"frac_a","mrna"
"feature_correlation_ranked.R","translation_efficiency","plotted","nuc_ratios",,"frac_a","start"
"feature_correlation_ranked.R","translation_efficiency","plotted","nuc_ratios",,"frac_a","stop"
"feature_correlation_ranked.R","translation_efficiency","plotted","nuc_ratios",,"frac_c","3utr"
"feature_correlation_ranked.R","translation_efficiency","plotted","nuc_ratios",,"frac_c","5utr"
"feature_correlation_ranked.R","translation_efficiency","plotted","nuc_ratios",,"frac_c","cds"
"feature_correlation_ranked.R","translation_efficiency","plotted","nuc_ratios",,"frac_c","last100"
"feature_correlation_ranked.R","translation_efficiency","plotted","nuc_ratios",,"frac_c","mrna"
"feature_correlation_ranked.R","translation_efficiency","plotted","nuc_ratios",,"frac_c","start"
"feature_correlation_ranked.R","translation_efficiency","plotted","nuc_ratios",,"frac_c","stop"
"feature_correlation_ranked.R","translation_efficiency","plotted","nuc_ratios",,"frac_g","3utr"
"feature_correlation_ranked.R","translation_efficiency","plotted","nuc_ratios",,"frac_g","5utr"
"feature_correlation_ranked.R","translation_efficiency","plotted","nuc_ratios",,"frac_g","cds"
"feature_correlation_ranked.R","translation_efficiency","plotted","nuc_ratios",,"frac_g","last100"
"feature_correlation_ranked.R","translation_efficiency","plotted","nuc_ratios",,"frac_g","mrna"
"feature_correlation_ranked.R","translation_efficiency","plotted","nuc_ratios",,"frac_g","start"
"feature_correlation_ranked.R","translation_efficiency","plotted","nuc_ratios",,"frac_g","stop"
"feature_correlation_ranked.R","translation_efficiency","plotted","nuc_ratios",,"frac_u","3utr"
"feature_correlation_ranked.R","translation_efficiency","plotted","nuc_ratios",,"frac_u","5utr"
"feature_correlation_ranked.R","translation_efficiency","plotted","nuc_ratios",,"frac_u","cds"
"feature_correlation_ranked.R","translation_efficiency","plotted","nuc_ratios",,"frac_u","last100"
"feature_correlation_ranked.R","translation_efficiency","plotted","nuc_ratios",,"frac_u","mrna"
"feature_correlation_ranked.R","translation_efficiency","plotted","nuc_ratios",,"frac_u","start"
"feature_correlation_ranked.R","translation_efficiency","plotted","nuc_ratios",,"frac_u","stop"
"feature_correlation_ranked.R","translation_efficiency","plotted","probing",,"gini_cytoplasm","3utr"
"feature_correlation_ranked.R","translation_efficiency","plotted","probing",,"gini_cytoplasm","5utr"
"feature_correlation_ranked.R","translation_efficiency","plotted","probing",,"gini_cytoplasm","cds"
"feature_correlation_ranked.R","translation_efficiency","plotted","probing",,"gini_cytoplasm","mrna"
"feature_correlation_ranked.R","translation_efficiency","plotted","purine_ratio",,"purine_ratio","3utr"
"feature_correlation_ranked.R","translation_efficiency","plotted","purine_ratio",,"purine_ratio","5utr"
"feature_correlation_ranked.R","translation_efficiency","plotted","purine_ratio",,"purine_ratio","cds"
"feature_correlation_ranked.R","translation_efficiency","plotted","purine_ratio",,"purine_ratio","last100"
"feature_correlation_ranked.R","translation_efficiency","plotted","purine_ratio",,"purine_ratio","mrna"
"feature_correlation_ranked.R","translation_efficiency","plotted","purine_ratio",,"purine_ratio","start"
"feature_correlation_ranked.R","translation_efficiency","plotted","purine_ratio",,"purine_ratio","stop"
"feature_correlation_ranked.R","translation_efficiency","plotted","rnafold_per_nt",,"rnafold_per_nt","3utr"
"feature_correlation_ranked.R","translation_efficiency","plotted","rnafold_per_nt",,"rnafold_per_nt","5utr"
"feature_correlation_ranked.R","translation_efficiency","plotted","rnafold_per_nt",,"rnafold_per_nt","cds"
"feature_correlation_ranked.R","translation_efficiency","plotted","rnafold_per_nt",,"rnafold_per_nt","last100"
"feature_correlation_ranked.R","translation_efficiency","plotted","rnafold_per_nt",,"rnafold_per_nt","mrna"
"feature_correlation_ranked.R","translation_efficiency","plotted","rnafold_per_nt",,"rnafold_per_nt","start"
"feature_correlation_ranked.R","translation_efficiency","plotted","rnafold_per_nt",,"rnafold_per_nt","stop"
"feature_correlation_ranked.R","translation_efficiency","plotted","rnafold_scores",,"rnafold_score","3utr"
"feature_correlation_ranked.R","translation_efficiency","plotted","rnafold_scores",,"rnafold_score","5utr"
"feature_correlation_ranked.R","translation_efficiency","plotted","rnafold_scores",,"rnafold_score","cds"
"feature_correlation_ranked.R","translation_efficiency","plotted","rnafold_scores",,"rnafold_score","last100"
"feature_correlation_ranked.R","translation_efficiency","plotted","rnafold_scores",,"rnafold_score","mrna"
"feature_correlation_ranked.R","translation_efficiency","plotted","rnafold_scores",,"rnafold_score","start"
"feature_correlation_ranked.R","translation_efficiency","plotted","rnafold_scores",,"rnafold_score","stop"
"feature_correlation_ranked.R","translation_efficiency","plotted","rnafold_scores",,"rnafold_score","utrpair"
"feature_correlation_ranked.R","translation_efficiency","plotted","rnafold_zscores",,"rnafold_zscore","3utr"
"feature_correlation_ranked.R","translation_efficiency","plotted","rnafold_zscores",,"rnafold_zscore","5utr"
"feature_correlation_ranked.R","translation_efficiency","plotted","rnafold_zscores",,"rnafold_zscore","cds"
"feature_correlation_ranked.R","translation_efficiency","plotted","rnafold_zscores",,"rnafold_zscore","last100"
"feature_correlation_ranked.R","translation_efficiency","plotted","rnafold_zscores",,"rnafold_zscore","mrna"
"feature_correlation_ranked.R","translation_efficiency","plotted","rnafold_zscores",,"rnafold_zscore","start"
"feature_correlation_ranked.R","translation_efficiency","plotted","rnafold_zscores",,"rnafold_zscore","stop"
"feature_correlation_ranked.R","translation_efficiency","plotted","rnafold_zscores",,"rnafold_zscore","utrpair"
"feature_correlation_ranked.R","translation_efficiency","plotted","rnalfold_scores",,"rnalfold_score","3utr"
"feature_correlation_ranked.R","translation_efficiency","plotted","rnalfold_scores",,"rnalfold_score","5utr"
"feature_correlation_ranked.R","translation_efficiency","plotted","rnalfold_scores",,"rnalfold_score","cds"
"feature_correlation_ranked.R","translation_efficiency","plotted","rnalfold_scores",,"rnalfold_score","last100"
"feature_correlation_ranked.R","translation_efficiency","plotted","rnalfold_scores",,"rnalfold_score","mrna"
"feature_correlation_ranked.R","translation_efficiency","plotted","rnalfold_scores",,"rnalfold_score","start"
"feature_correlation_ranked.R","translation_efficiency","plotted","rnalfold_scores",,"rnalfold_score","stop"
"feature_correlation_ranked.R","translation_efficiency","plotted","rnalfold_zscores",,"rnalfold_zscore","3utr"
"feature_correlation_ranked.R","translation_efficiency","plotted","rnalfold_zscores",,"rnalfold_zscore","5utr"
"feature_correlation_ranked.R","translation_efficiency","plotted","rnalfold_zscores",,"rnalfold_zscore","cds"
"feature_correlation_ranked.R","translation_efficiency","plotted","rnalfold_zscores",,"rnalfold_zscore","last100"
"feature_correlation_ranked.R","translation_efficiency","plotted","rnalfold_zscores",,"rnalfold_zscore","mrna"
"feature_correlation_ranked.R","translation_efficiency","plotted","rnalfold_zscores",,"rnalfold_zscore","start"
"feature_correlation_ranked.R","translation_efficiency","plotted","rnalfold_zscores",,"rnalfold_zscore","stop"
"feature_correlation_ranked.R","translation_efficiency","plotted","stopfree",,"stopfree_length","3utr"
"feature_correlation_ranked.R","translation_efficiency","plotted","stopfree",,"stopfree_length","5utr"
"feature_correlation_ranked.R","translation_efficiency","plotted","stopfree",,"stopfree_length","cds"
"feature_correlation_ranked.R","translation_efficiency","plotted","stopfree",,"stopfree_length","mrna"
"feature_correlation_ranked.R","translation_efficiency","plotted","uorf_present",,"uorf_present","mrna"
"feature_correlation_ranked.R","translation_efficiency","selected","aa_freqs","aa_a_cds",,
"feature_correlation_ranked.R","translation_efficiency","selected","aa_freqs","aa_c_cds",,
"feature_correlation_ranked.R","translation_efficiency","selected","aa_freqs","aa_d_cds",,
"feature_correlation_ranked.R","translation_efficiency","selected","aa_freqs","aa_e_cds",,
"feature_correlation_ranked.R","translation_efficiency","selected","aa_freqs","aa_f_cds",,
"feature_correlation_ranked.R","translation_efficiency","selected","aa_freqs","aa_g_cds",,
"feature_correlation_ranked.R","translation_efficiency","selected","aa_freqs","aa_h_cds",,
"feature_correlation_ranked.R","translation_efficiency","selected","aa_freqs","aa_i_cds",,
"feature_correlation_ranked.R","translation_efficiency","selected","aa_freqs","aa_k_cds",,
"feature_correlation_ranked.R","translation_efficiency","selected","aa_freqs","aa_l_cds",,
"feature_correlation_ranked.R","translation_efficiency","selected","aa_freqs","aa_m_cds",,
"feature_correlation_ranked.R","translation_efficiency","selected","aa_freqs","aa_n_cds",,
"feature_correlation_ranked.R","translation_efficiency","selected","aa_freqs","aa_p_cds",,
"feature_correlation_ranked.R","translation_efficiency","selected","aa_freqs","aa_q_cds",,
"feature_correlation_ranked.R","translation_efficiency","selected","aa_freqs","aa_r_cds",,
"feature_correlation_ranked.R","translation_efficiency","selected","aa_freqs","aa_s_cds",,
"feature_correlation_ranked.R","translation_efficiency","selected","aa_freqs","aa_t_cds",,
"feature_correlation_ranked.R","translation_efficiency","selected","aa_freqs","aa_v_cds",,
"feature_correlation_ranked.R","translation_efficiency","selected","aa_freqs","aa_w_cds",,
"feature_correlation_ranked.R","translation_efficiency","selected","aa_freqs","aa_y_cds",,
"feature_correlation_ranked.R","translation_efficiency","selected","amino_ratio","amino_ratio_3utr",,
"feature_correlation_ranked.R","translation_efficiency","selected","amino_ratio","amino_ratio_5utr",,
"feature_correlation_ranked.R","translation_efficiency","selected","amino_ratio","amino_ratio_cds",,
"feature_correlation_ranked.R","translation_efficiency","selected","amino_ratio","amino_ratio_last100",,
"feature_correlation_ranked.R","translation_efficiency","selected","amino_ratio","amino_ratio_mrna",,
"feature_correlation_ranked.R","translation_efficiency","selected","amino_ratio","amino_ratio_start",,
"feature_correlation_ranked.R","translation_efficiency","selected","amino_ratio","amino_ratio_stop",,
"feature_correlation_ranked.R","translation_efficiency","selected","at_skew","at_skew_3utr",,
"feature_correlation_ranked.R","translation_efficiency","selected","at_skew","at_skew_5utr",,
"feature_correlation_ranked.R","translation_efficiency","selected","at_skew","at_skew_cds",,
"feature_correlation_ranked.R","translation_efficiency","selected","at_skew","at_skew_last100",,
"feature_correlation_ranked.R","translation_efficiency","selected","at_skew","at_skew_mrna",,
"feature_correlation_ranked.R","translation_efficiency","selected","at_skew","at_skew_start",,
"feature_correlation_ranked.R","translation_efficiency","selected","at_skew","at_skew_stop",,
"feature_correlation_ranked.R","translation_efficiency","selected","cai","cai_cds",,
"feature_correlation_ranked.R","translation_efficiency","selected","codon_freqs","codon_aaa_cds",,
"feature_correlation_ranked.R","translation_efficiency","selected","codon_freqs","codon_aac_cds",,
"feature_correlation_ranked.R","translation_efficiency","selected","codon_freqs","codon_aag_cds",,
"feature_correlation_ranked.R","translation_efficiency","selected","codon_freqs","codon_aau_cds",,
"feature_correlation_ranked.R","translation_efficiency","selected","codon_freqs","codon_aca_cds",,
"feature_correlation_ranked.R","translation_efficiency","selected","codon_freqs","codon_acc_cds",,
"feature_correlation_ranked.R","translation_efficiency","selected","codon_freqs","codon_acg_cds",,
"feature_correlation_ranked.R","translation_efficiency","selected","codon_freqs","codon_acu_cds",,
"feature_correlation_ranked.R","translation_efficiency","selected","codon_freqs","codon_aga_cds",,
"feature_correlation_ranked.R","translation_efficiency","selected","codon_freqs","codon_agc_cds",,
"feature_correlation_ranked.R","translation_efficiency","selected","codon_freqs","codon_agg_cds",,
"feature_correlation_ranked.R","translation_efficiency","selected","codon_freqs","codon_agu_cds",,
"feature_correlation_ranked.R","translation_efficiency","selected","codon_freqs","codon_aua_cds",,
"feature_correlation_ranked.R","translation_efficiency","selected","codon_freqs","codon_auc_cds",,
"feature_correlation_ranked.R","translation_efficiency","selected","codon_freqs","codon_aug_cds",,
"feature_correlation_ranked.R","translation_efficiency","selected","codon_freqs","codon_auu_cds",,
"feature_correlation_ranked.R","translation_efficiency","selected","codon_freqs","codon_caa_cds",,
"feature_correlation_ranked.R","translation_efficiency","selected","codon_freqs","codon_cac_cds",,
"feature_correlation_ranked.R","translation_efficiency","selected","codon_freqs","codon_cag_cds",,
"feature_correlation_ranked.R","translation_efficiency","selected","codon_freqs","codon_cau_cds",,
"feature_correlation_ranked.R","translation_efficiency","selected","codon_freqs","codon_cca_cds",,
"feature_correlation_ranked.R","translation_efficiency","selected","codon_freqs","codon_ccc_cds",,
"feature_correlation_ranked.R","translation_efficiency","selected","codon_freqs","codon_ccg_cds",,
"feature_correlation_ranked.R","translation_efficiency","selected","codon_freqs","codon_ccu_cds",,
"feature_correlation_ranked.R","translation_efficiency","selected","codon_freqs","codon_cga_cds",,
"feature_correlation_ranked.R","translation_efficiency","selected","codon_freqs","codon_cgc_cds",,
"feature_correlation_ranked.R","translation_efficiency","selected","codon_freqs","codon_cgg_cds",,
"feature_correlation_ranked.R","translation_efficiency","selected","codon_freqs","codon_cgu_cds",,
"feature_correlation_ranked.R","translation_efficiency","selected","codon_freqs","codon_cua_cds",,
"feature_correlation_ranked.R","translation_efficiency","selected","codon_freqs","codon_cuc_cds",,
"feature_correlation_ranked.R","translation_efficiency","selected","codon_freqs","codon_cug_cds",,
"feature_correlation_ranked.R","translation_efficiency","selected","codon_freqs","codon_cuu_cds",,
"feature_correlation_ranked.R","translation_efficiency","selected","codon_freqs","codon_gaa_cds",,
"feature_correlation_ranked.R","translation_efficiency","selected","codon_freqs","codon_gac_cds",,
"feature_correlation_ranked.R","translation_efficiency","selected","codon_freqs","codon_gag_cds",,
"feature_correlation_ranked.R","translation_efficiency","selected","codon_freqs","codon_gau_cds",,
"feature_correlation_ranked.R","translation_efficiency","selected","codon_freqs","codon_gca_cds",,
"feature_correlation_ranked.R","translation_efficiency","selected","codon_freqs","codon_gcc_cds",,
"feature_correlation_ranked.R","translation_efficiency","selected","codon_freqs","codon_gcg_cds",,
"feature_correlation_ranked.R","translation_efficiency","selected","codon_freqs","codon_gcu_cds",,
"feature_correlation_ranked.R","translation_efficiency","selected","codon_freqs","codon_gga_cds",,
"feature_correlation_ranked.R","translation_efficiency","selected","codon_freqs","codon_ggc_cds",,
"feature_correlation_ranked.R","translation_efficiency","selected","codon_freqs","codon_ggg_cds",,
"feature_correlation_ranked.R","translation_efficiency","selected","codon_freqs","codon_ggu_cds",,
"feature_correlation_ranked.R","translation_efficiency","selected","codon_freqs","codon_gua_cds",,
"feature_correlation_ranked.R","translation_efficiency","selected","codon_freqs","codon_guc_cds",,
"feature_correlation_ranked.R","translation_efficiency","selected","codon_freqs","codon_gug_cds",,
"feature_correlation_ranked.R","translation_efficiency","selected","codon_freqs","codon_guu_cds",,
"feature_correlation_ranked.R","translation_efficiency","selected","codon_freqs","codon_uaa_cds",,
"feature_correlation_ranked.R","translation_efficiency","selected","codon_freqs","codon_uac_cds",,
"feature_correlation_ranked.R","translation_efficiency","selected","codon_freqs","codon_uag_cds",,
"feature_correlation_ranked.R","translation_efficiency","selected","codon_freqs","codon_uau_cds",,
"feature_correlation_ranked.R","translation_efficiency","selected","codon_freqs","codon_uca_cds",,
"feature_correlation_ranked.R","translation_efficiency","selected","codon_freqs","codon_ucc_cds",,
"feature_correlation_ranked.R","translation_efficiency","selected","codon_freqs","codon_ucg_cds",,
"feature_correlation_ranked.R","translation_efficiency","selected","codon_freqs","codon_ucu_cds",,
"feature_correlation_ranked.R","translation_efficiency","selected","codon_freqs","codon_uga_cds",,
"feature_correlation_ranked.R","translation_efficiency","selected","codon_freqs","codon_ugc_cds",,
"feature_correlation_ranked.R","translation_efficiency","selected","codon_freqs","codon_ugg_cds",,
"feature_correlation_ranked.R","translation_efficiency","selected","codon_freqs","codon_ugu_cds",,
"feature_correlation_ranked.R","translation_efficiency","selected","codon_freqs","codon_uua_cds",,
"feature_correlation_ranked.R","translation_efficiency","selected","codon_freqs","codon_uuc_cds",,
"feature_correlation_ranked.R","translation_efficiency","selected","codon_freqs","codon_uug_cds",,
"feature_correlation_ranked.R","translation_efficiency","selected","codon_freqs","codon_uuu_cds",,
"feature_correlation_ranked.R","translation_efficiency","selected","eej_dist_closest","eej_dist_closest_start",,
"feature_correlation_ranked.R","translation_efficiency","selected","eej_dist_closest","eej_dist_closest_stop",,
"feature_correlation_ranked.R","translation_efficiency","selected","exon_density","exon_density_mrna",,
"feature_correlation_ranked.R","translation_efficiency","selected","gc","gc_content_3utr",,
"feature_correlation_ranked.R","translation_efficiency","selected","gc","gc_content_5utr",,
"feature_correlation_ranked.R","translation_efficiency","selected","gc","gc_content_cds",,
"feature_correlation_ranked.R","translation_efficiency","selected","gc","gc_content_last100",,
"feature_correlation_ranked.R","translation_efficiency","selected","gc","gc_content_mrna",,
"feature_correlation_ranked.R","translation_efficiency","selected","gc","gc_content_start",,
"feature_correlation_ranked.R","translation_efficiency","selected","gc","gc_content_stop",,
"feature_correlation_ranked.R","translation_efficiency","selected","gc_skew","gc_skew_3utr",,
"feature_correlation_ranked.R","translation_efficiency","selected","gc_skew","gc_skew_5utr",,
"feature_correlation_ranked.R","translation_efficiency","selected","gc_skew","gc_skew_cds",,
"feature_correlation_ranked.R","translation_efficiency","selected","gc_skew","gc_skew_last100",,
"feature_correlation_ranked.R","translation_efficiency","selected","gc_skew","gc_skew_mrna",,
"feature_correlation_ranked.R","translation_efficiency","selected","gc_skew","gc_skew_start",,
"feature_correlation_ranked.R","translation_efficiency","selected","gc_skew","gc_skew_stop",,
"feature_correlation_ranked.R","translation_efficiency","selected","lengths","length_3utr",,
"feature_correlation_ranked.R","translation_efficiency","selected","lengths","length_5utr",,
"feature_correlation_ranked.R","translation_efficiency","selected","lengths","length_cds",,
"feature_correlation_ranked.R","translation_efficiency","selected","lengths","length_mrna",,
"feature_correlation_ranked.R","translation_efficiency","selected","mfe_deltas","mfe_delta_3utr",,
"feature_correlation_ranked.R","translation_efficiency","selected","mfe_deltas","mfe_delta_5utr",,
"feature_correlation_ranked.R","translation_efficiency","selected","mfe_deltas","mfe_delta_cds",,
"feature_correlation_ranked.R","translation_efficiency","selected","mfe_deltas","mfe_delta_last100",,
"feature_correlation_ranked.R","translation_efficiency","selected","mfe_deltas","mfe_delta_mrna",,
"feature_correlation_ranked.R","translation_efficiency","selected","mfe_deltas","mfe_delta_start",,
"feature_correlation_ranked.R","translation_efficiency","selected","mfe_deltas","mfe_delta_stop",,
"feature_correlation_ranked.R","translation_efficiency","selected","mfe_expected","mfe_expected_3utr",,
"feature_correlation_ranked.R","translation_efficiency","selected","mfe_expected","mfe_expected_5utr",,
"feature_correlation_ranked.R","translation_efficiency","selected","mfe_expected","mfe_expected_cds",,
"feature_correlation_ranked.R","translation_efficiency","selected","mfe_expected","mfe_expected_last100",,
"feature_correlation_ranked.R","translation_efficiency","selected","mfe_expected","mfe_expected_mrna",,
"feature_correlation_ranked.R","translation_efficiency","selected","mfe_expected","mfe_expected_start",,
"feature_correlation_ranked.R","translation_efficiency","selected","mfe_expected","mfe_expected_stop",,
"feature_correlation_ranked.R","translation_efficiency","selected","nmd_alt_stop","nmd_alt_stop_codon_density_mrna",,
"feature_correlation_ranked.R","translation_efficiency","selected","nmd_snv_fragile","nmd_snv_fragile_codon_density_mrna",,
"feature_correlation_ranked.R","translation_efficiency","selected","nuc_ratios","frac_a_3utr",,
"feature_correlation_ranked.R","translation_efficiency","selected","nuc_ratios","frac_a_5utr",,
"feature_correlation_ranked.R","translation_efficiency","selected","nuc_ratios","frac_a_cds",,
"feature_correlation_ranked.R","translation_efficiency","selected","nuc_ratios","frac_a_last100",,
"feature_correlation_ranked.R","translation_efficiency","selected","nuc_ratios","frac_a_mrna",,
"feature_correlation_ranked.R","translation_efficiency","selected","nuc_ratios","frac_a_start",,
"feature_correlation_ranked.R","translation_efficiency","selected","nuc_ratios","frac_a_stop",,
"feature_correlation_ranked.R","translation_efficiency","selected","nuc_ratios","frac_c_3utr",,
"feature_correlation_ranked.R","translation_efficiency","selected","nuc_ratios","frac_c_5utr",,
"feature_correlation_ranked.R","translation_efficiency","selected","nuc_ratios","frac_c_cds",,
"feature_correlation_ranked.R","translation_efficiency","selected","nuc_ratios","frac_c_last100",,
"feature_correlation_ranked.R","translation_efficiency","selected","nuc_ratios","frac_c_mrna",,
"feature_correlation_ranked.R","translation_efficiency","selected","nuc_ratios","frac_c_start",,
"feature_correlation_ranked.R","translation_efficiency","selected","nuc_ratios","frac_c_stop",,
"feature_correlation_ranked.R","translation_efficiency","selected","nuc_ratios","frac_g_3utr",,
"feature_correlation_ranked.R","translation_efficiency","selected","nuc_ratios","frac_g_5utr",,
"feature_correlation_ranked.R","translation_efficiency","selected","nuc_ratios","frac_g_cds",,
"feature_correlation_ranked.R","translation_efficiency","selected","nuc_ratios","frac_g_last100",,
"feature_correlation_ranked.R","translation_efficiency","selected","nuc_ratios","frac_g_mrna",,
"feature_correlation_ranked.R","translation_efficiency","selected","nuc_ratios","frac_g_start",,
"feature_correlation_ranked.R","translation_efficiency","selected","nuc_ratios","frac_g_stop",,
"feature_correlation_ranked.R","translation_efficiency","selected","nuc_ratios","frac_u_3utr",,
"feature_correlation_ranked.R","translation_efficiency","selected","nuc_ratios","frac_u_5utr",,
"feature_correlation_ranked.R","translation_efficiency","selected","nuc_ratios","frac_u_cds",,
"feature_correlation_ranked.R","translation_efficiency","selected","nuc_ratios","frac_u_last100",,
"feature_correlation_ranked.R","translation_efficiency","selected","nuc_ratios","frac_u_mrna",,
"feature_correlation_ranked.R","translation_efficiency","selected","nuc_ratios","frac_u_start",,
"feature_correlation_ranked.R","translation_efficiency","selected","nuc_ratios","frac_u_stop",,
"feature_correlation_ranked.R","translation_efficiency","selected","probing","gini_cytoplasm_3utr",,
"feature_correlation_ranked.R","translation_efficiency","selected","probing","gini_cytoplasm_5utr",,
"feature_correlation_ranked.R","translation_efficiency","selected","probing","gini_cytoplasm_cds",,
"feature_correlation_ranked.R","translation_efficiency","selected","probing","gini_cytoplasm_mrna",,
"feature_correlation_ranked.R","translation_efficiency","selected","purine_ratio","purine_ratio_3utr",,
"feature_correlation_ranked.R","translation_efficiency","selected","purine_ratio","purine_ratio_5utr",,
"feature_correlation_ranked.R","translation_efficiency","selected","purine_ratio","purine_ratio_cds",,
"feature_correlation_ranked.R","translation_efficiency","selected","purine_ratio","purine_ratio_last100",,
"feature_correlation_ranked.R","translation_efficiency","selected","purine_ratio","purine_ratio_mrna",,
"feature_correlation_ranked.R","translation_efficiency","selected","purine_ratio","purine_ratio_start",,
"feature_correlation_ranked.R","translation_efficiency","selected","purine_ratio","purine_ratio_stop",,
"feature_correlation_ranked.R","translation_efficiency","selected","rnafold_per_nt","rnafold_per_nt_3utr",,
"feature_correlation_ranked.R","translation_efficiency","selected","rnafold_per_nt","rnafold_per_nt_5utr",,
"feature_correlation_ranked.R","translation_efficiency","selected","rnafold_per_nt","rnafold_per_nt_cds",,
"feature_correlation_ranked.R","translation_efficiency","selected","rnafold_per_nt","rnafold_per_nt_last100",,
"feature_correlation_ranked.R","translation_efficiency","selected","rnafold_per_nt","rnafold_per_nt_mrna",,
"feature_correlation_ranked.R","translation_efficiency","selected","rnafold_per_nt","rnafold_per_nt_start",,
"feature_correlation_ranked.R","translation_efficiency","selected","rnafold_per_nt","rnafold_per_nt_stop",,
"feature_correlation_ranked.R","translation_efficiency","selected","rnafold_scores","rnafold_score_3utr",,
"feature_correlation_ranked.R","translation_efficiency","selected","rnafold_scores","rnafold_score_5utr",,
"feature_correlation_ranked.R","translation_efficiency","selected","rnafold_scores","rnafold_score_cds",,
"feature_correlation_ranked.R","translation_efficiency","selected","rnafold_scores","rnafold_score_last100",,
"feature_correlation_ranked.R","translation_efficiency","selected","rnafold_scores","rnafold_score_mrna",,
"feature_correlation_ranked.R","translation_efficiency","selected","rnafold_scores","rnafold_score_start",,
"feature_correlation_ranked.R","translation_efficiency","selected","rnafold_scores","rnafold_score_stop",,
"feature_correlation_ranked.R","translation_efficiency","selected","rnafold_scores","rnafold_score_utrpair",,
"feature_correlation_ranked.R","translation_efficiency","selected","rnafold_zscores","rnafold_zscore_3utr",,
"feature_correlation_ranked.R","translation_efficiency","selected","rnafold_zscores","rnafold_zscore_5utr",,
"feature_correlation_ranked.R","translation_efficiency","selected","rnafold_zscores","rnafold_zscore_cds",,
"feature_correlation_ranked.R","translation_efficiency","selected","rnafold_zscores","rnafold_zscore_last100",,
"feature_correlation_ranked.R","translation_efficiency","selected","rnafold_zscores","rnafold_zscore_mrna",,
"feature_correlation_ranked.R","translation_efficiency","selected","rnafold_zscores","rnafold_zscore_start",,
"feature_correlation_ranked.R","translation_efficiency","selected","rnafold_zscores","rnafold_zscore_stop",,
"feature_correlation_ranked.R","translation_efficiency","selected","rnafold_zscores","rnafold_zscore_utrpair",,
"feature_correlation_ranked.R","translation_efficiency","selected","rnalfold_scores","rnalfold_score_3utr",,
"feature_correlation_ranked.R","translation_efficiency","selected","rnalfold_scores","rnalfold_score_5utr",,
"feature_correlation_ranked.R","translation_efficiency","selected","rnalfold_scores","rnalfold_score_cds",,
"feature_correlation_ranked.R","translation_efficiency","selected","rnalfold_scores","rnalfold_score_last100",,
"feature_correlation_ranked.R","translation_efficiency","selected","rnalfold_scores","rnalfold_score_mrna",,
"feature_correlation_ranked.R","translation_efficiency","selected","rnalfold_scores","rnalfold_score_start",,
"feature_correlation_ranked.R","translation_efficiency","selected","rnalfold_scores","rnalfold_score_stop",,
"feature_correlation_ranked.R","translation_efficiency","selected","rnalfold_zscores","rnalfold_zscore_3utr",,
"feature_correlation_ranked.R","translation_efficiency","selected","rnalfold_zscores","rnalfold_zscore_5utr",,
"feature_correlation_ranked.R","translation_efficiency","selected","rnalfold_zscores","rnalfold_zscore_cds",,
"feature_correlation_ranked.R","translation_efficiency","selected","rnalfold_zscores","rnalfold_zscore_last100",,
"feature_correlation_ranked.R","translation_efficiency","selected","rnalfold_zscores","rnalfold_zscore_mrna",,
"feature_correlation_ranked.R","translation_efficiency","selected","rnalfold_zscores","rnalfold_zscore_start",,
"feature_correlation_ranked.R","translation_efficiency","selected","rnalfold_zscores","rnalfold_zscore_stop",,
"feature_correlation_ranked.R","translation_efficiency","selected","stopfree","stopfree_length_3utr",,
"feature_correlation_ranked.R","translation_efficiency","selected","stopfree","stopfree_length_5utr",,
"feature_correlation_ranked.R","translation_efficiency","selected","stopfree","stopfree_length_cds",,
"feature_correlation_ranked.R","translation_efficiency","selected","stopfree","stopfree_length_mrna",,
"feature_correlation_ranked.R","translation_efficiency","selected","uorf_present","uorf_present_mrna",,
"feature_feature_correlation_table.R","default","selected","amino_ratio","amino_ratio_3utr",,
"feature_feature_correlation_table.R","default","selected","amino_ratio","amino_ratio_5utr",,
"feature_feature_correlation_table.R","default","selected","amino_ratio","amino_ratio_cds",,
"feature_feature_correlation_table.R","default","selected","amino_ratio","amino_ratio_last100",,
"feature_feature_correlation_table.R","default","selected","amino_ratio","amino_ratio_mrna",,
"feature_feature_correlation_table.R","default","selected","amino_ratio","amino_ratio_start",,
"feature_feature_correlation_table.R","default","selected","amino_ratio","amino_ratio_stop",,
"feature_feature_correlation_table.R","default","selected","at_skew","at_skew_3utr",,
"feature_feature_correlation_table.R","default","selected","at_skew","at_skew_5utr",,
"feature_feature_correlation_table.R","default","selected","at_skew","at_skew_cds",,
"feature_feature_correlation_table.R","default","selected","at_skew","at_skew_last100",,
"feature_feature_correlation_table.R","default","selected","at_skew","at_skew_mrna",,
"feature_feature_correlation_table.R","default","selected","at_skew","at_skew_start",,
"feature_feature_correlation_table.R","default","selected","at_skew","at_skew_stop",,
"feature_feature_correlation_table.R","default","selected","cai","cai_cds",,
"feature_feature_correlation_table.R","default","selected","eej_dist_closest","eej_dist_closest_start",,
"feature_feature_correlation_table.R","default","selected","eej_dist_closest","eej_dist_closest_stop",,
"feature_feature_correlation_table.R","default","selected","exon_density","exon_density_mrna",,
"feature_feature_correlation_table.R","default","selected","gc","gc_content_3utr",,
"feature_feature_correlation_table.R","default","selected","gc","gc_content_5utr",,
"feature_feature_correlation_table.R","default","selected","gc","gc_content_cds",,
"feature_feature_correlation_table.R","default","selected","gc","gc_content_last100",,
"feature_feature_correlation_table.R","default","selected","gc","gc_content_mrna",,
"feature_feature_correlation_table.R","default","selected","gc","gc_content_start",,
"feature_feature_correlation_table.R","default","selected","gc","gc_content_stop",,
"feature_feature_correlation_table.R","default","selected","gc_skew","gc_skew_3utr",,
"feature_feature_correlation_table.R","default","selected","gc_skew","gc_skew_5utr",,
"feature_feature_correlation_table.R","default","selected","gc_skew","gc_skew_cds",,
"feature_feature_correlation_table.R","default","selected","gc_skew","gc_skew_last100",,
"feature_feature_correlation_table.R","default","selected","gc_skew","gc_skew_mrna",,
"feature_feature_correlation_table.R","default","selected","gc_skew","gc_skew_start",,
"feature_feature_correlation_table.R","default","selected","gc_skew","gc_skew_stop",,
"feature_feature_correlation_table.R","default","selected","junction_density","junctions_density_3utr",,
"feature_feature_correlation_table.R","default","selected","junction_density","junctions_density_5utr",,
"feature_feature_correlation_table.R","default","selected","junction_density","junctions_density_cds",,
"feature_feature_correlation_table.R","default","selected","junction_density","junctions_density_mrna",,
"feature_feature_correlation_table.R","default","selected","lengths","length_3utr",,
"feature_feature_correlation_table.R","default","selected","lengths","length_5utr",,
"feature_feature_correlation_table.R","default","selected","lengths","length_cds",,
"feature_feature_correlation_table.R","default","selected","lengths","length_mrna",,
"feature_feature_correlation_table.R","default","selected","mfe_deltas","mfe_delta_3utr",,
"feature_feature_correlation_table.R","default","selected","mfe_deltas","mfe_delta_5utr",,
"feature_feature_correlation_table.R","default","selected","mfe_deltas","mfe_delta_cds",,
"feature_feature_correlation_table.R","default","selected","mfe_deltas","mfe_delta_last100",,
"feature_feature_correlation_table.R","default","selected","mfe_deltas","mfe_delta_mrna",,
"feature_feature_correlation_table.R","default","selected","mfe_deltas","mfe_delta_start",,
"feature_feature_correlation_table.R","default","selected","mfe_deltas","mfe_delta_stop",,
"feature_feature_correlation_table.R","default","selected","mfe_expected","mfe_expected_3utr",,
"feature_feature_correlation_table.R","default","selected","mfe_expected","mfe_expected_5utr",,
"feature_feature_correlation_table.R","default","selected","mfe_expected","mfe_expected_cds",,
"feature_feature_correlation_table.R","default","selected","mfe_expected","mfe_expected_last100",,
"feature_feature_correlation_table.R","default","selected","mfe_expected","mfe_expected_mrna",,
"feature_feature_correlation_table.R","default","selected","mfe_expected","mfe_expected_start",,
"feature_feature_correlation_table.R","default","selected","mfe_expected","mfe_expected_stop",,
"feature_feature_correlation_table.R","default","selected","nmd_alt_stop","nmd_alt_stop_codon_density_mrna",,
"feature_feature_correlation_table.R","default","selected","nmd_snv_fragile","nmd_snv_fragile_codon_density_mrna",,
"feature_feature_correlation_table.R","default","selected","nmd_transition","nmd_transition_fragile_codon_density_mrna",,
"feature_feature_correlation_table.R","default","selected","nmd_transition_fraction","nmd_transition_fraction_of_snv_fragile_mrna",,
"feature_feature_correlation_table.R","default","selected","nmd_transversion","nmd_transversion_fragile_codon_density_mrna",,
"feature_feature_correlation_table.R","default","selected","nuc_ratios","frac_a_3utr",,
"feature_feature_correlation_table.R","default","selected","nuc_ratios","frac_a_5utr",,
"feature_feature_correlation_table.R","default","selected","nuc_ratios","frac_a_cds",,
"feature_feature_correlation_table.R","default","selected","nuc_ratios","frac_a_last100",,
"feature_feature_correlation_table.R","default","selected","nuc_ratios","frac_a_mrna",,
"feature_feature_correlation_table.R","default","selected","nuc_ratios","frac_a_start",,
"feature_feature_correlation_table.R","default","selected","nuc_ratios","frac_a_stop",,
"feature_feature_correlation_table.R","default","selected","nuc_ratios","frac_c_3utr",,
"feature_feature_correlation_table.R","default","selected","nuc_ratios","frac_c_5utr",,
"feature_feature_correlation_table.R","default","selected","nuc_ratios","frac_c_cds",,
"feature_feature_correlation_table.R","default","selected","nuc_ratios","frac_c_last100",,
"feature_feature_correlation_table.R","default","selected","nuc_ratios","frac_c_mrna",,
"feature_feature_correlation_table.R","default","selected","nuc_ratios","frac_c_start",,
"feature_feature_correlation_table.R","default","selected","nuc_ratios","frac_c_stop",,
"feature_feature_correlation_table.R","default","selected","nuc_ratios","frac_g_3utr",,
"feature_feature_correlation_table.R","default","selected","nuc_ratios","frac_g_5utr",,
"feature_feature_correlation_table.R","default","selected","nuc_ratios","frac_g_cds",,
"feature_feature_correlation_table.R","default","selected","nuc_ratios","frac_g_last100",,
"feature_feature_correlation_table.R","default","selected","nuc_ratios","frac_g_mrna",,
"feature_feature_correlation_table.R","default","selected","nuc_ratios","frac_g_start",,
"feature_feature_correlation_table.R","default","selected","nuc_ratios","frac_g_stop",,
"feature_feature_correlation_table.R","default","selected","nuc_ratios","frac_u_3utr",,
"feature_feature_correlation_table.R","default","selected","nuc_ratios","frac_u_5utr",,
"feature_feature_correlation_table.R","default","selected","nuc_ratios","frac_u_cds",,
"feature_feature_correlation_table.R","default","selected","nuc_ratios","frac_u_last100",,
"feature_feature_correlation_table.R","default","selected","nuc_ratios","frac_u_mrna",,
"feature_feature_correlation_table.R","default","selected","nuc_ratios","frac_u_start",,
"feature_feature_correlation_table.R","default","selected","nuc_ratios","frac_u_stop",,
"feature_feature_correlation_table.R","default","selected","probing","gini_cytoplasm_3utr",,
"feature_feature_correlation_table.R","default","selected","probing","gini_cytoplasm_5utr",,
"feature_feature_correlation_table.R","default","selected","probing","gini_cytoplasm_cds",,
"feature_feature_correlation_table.R","default","selected","probing","gini_cytoplasm_mrna",,
"feature_feature_correlation_table.R","default","selected","probing","gini_nucleoplasm_3utr",,
"feature_feature_correlation_table.R","default","selected","probing","gini_nucleoplasm_5utr",,
"feature_feature_correlation_table.R","default","selected","probing","gini_nucleoplasm_cds",,
"feature_feature_correlation_table.R","default","selected","probing","gini_nucleoplasm_mrna",,
"feature_feature_correlation_table.R","default","selected","purine_ratio","purine_ratio_3utr",,
"feature_feature_correlation_table.R","default","selected","purine_ratio","purine_ratio_5utr",,
"feature_feature_correlation_table.R","default","selected","purine_ratio","purine_ratio_cds",,
"feature_feature_correlation_table.R","default","selected","purine_ratio","purine_ratio_last100",,
"feature_feature_correlation_table.R","default","selected","purine_ratio","purine_ratio_mrna",,
"feature_feature_correlation_table.R","default","selected","purine_ratio","purine_ratio_start",,
"feature_feature_correlation_table.R","default","selected","purine_ratio","purine_ratio_stop",,
"feature_feature_correlation_table.R","default","selected","rnafold_per_nt","rnafold_per_nt_3utr",,
"feature_feature_correlation_table.R","default","selected","rnafold_per_nt","rnafold_per_nt_5utr",,
"feature_feature_correlation_table.R","default","selected","rnafold_per_nt","rnafold_per_nt_cds",,
"feature_feature_correlation_table.R","default","selected","rnafold_per_nt","rnafold_per_nt_last100",,
"feature_feature_correlation_table.R","default","selected","rnafold_per_nt","rnafold_per_nt_mrna",,
"feature_feature_correlation_table.R","default","selected","rnafold_per_nt","rnafold_per_nt_start",,
"feature_feature_correlation_table.R","default","selected","rnafold_per_nt","rnafold_per_nt_stop",,
"feature_feature_correlation_table.R","default","selected","rnafold_scores","rnafold_score_3utr",,
"feature_feature_correlation_table.R","default","selected","rnafold_scores","rnafold_score_5utr",,
"feature_feature_correlation_table.R","default","selected","rnafold_scores","rnafold_score_cds",,
"feature_feature_correlation_table.R","default","selected","rnafold_scores","rnafold_score_last100",,
"feature_feature_correlation_table.R","default","selected","rnafold_scores","rnafold_score_mrna",,
"feature_feature_correlation_table.R","default","selected","rnafold_scores","rnafold_score_start",,
"feature_feature_correlation_table.R","default","selected","rnafold_scores","rnafold_score_stop",,
"feature_feature_correlation_table.R","default","selected","rnafold_scores","rnafold_score_utrpair",,
"feature_feature_correlation_table.R","default","selected","rnafold_zscores","rnafold_zscore_3utr",,
"feature_feature_correlation_table.R","default","selected","rnafold_zscores","rnafold_zscore_5utr",,
"feature_feature_correlation_table.R","default","selected","rnafold_zscores","rnafold_zscore_cds",,
"feature_feature_correlation_table.R","default","selected","rnafold_zscores","rnafold_zscore_last100",,
"feature_feature_correlation_table.R","default","selected","rnafold_zscores","rnafold_zscore_mrna",,
"feature_feature_correlation_table.R","default","selected","rnafold_zscores","rnafold_zscore_start",,
"feature_feature_correlation_table.R","default","selected","rnafold_zscores","rnafold_zscore_stop",,
"feature_feature_correlation_table.R","default","selected","rnafold_zscores","rnafold_zscore_utrpair",,
"feature_feature_correlation_table.R","default","selected","rnalfold_scores","rnalfold_score_3utr",,
"feature_feature_correlation_table.R","default","selected","rnalfold_scores","rnalfold_score_5utr",,
"feature_feature_correlation_table.R","default","selected","rnalfold_scores","rnalfold_score_cds",,
"feature_feature_correlation_table.R","default","selected","rnalfold_scores","rnalfold_score_last100",,
"feature_feature_correlation_table.R","default","selected","rnalfold_scores","rnalfold_score_mrna",,
"feature_feature_correlation_table.R","default","selected","rnalfold_scores","rnalfold_score_start",,
"feature_feature_correlation_table.R","default","selected","rnalfold_scores","rnalfold_score_stop",,
"feature_feature_correlation_table.R","default","selected","rnalfold_zscores","rnalfold_zscore_3utr",,
"feature_feature_correlation_table.R","default","selected","rnalfold_zscores","rnalfold_zscore_5utr",,
"feature_feature_correlation_table.R","default","selected","rnalfold_zscores","rnalfold_zscore_cds",,
"feature_feature_correlation_table.R","default","selected","rnalfold_zscores","rnalfold_zscore_last100",,
"feature_feature_correlation_table.R","default","selected","rnalfold_zscores","rnalfold_zscore_mrna",,
"feature_feature_correlation_table.R","default","selected","rnalfold_zscores","rnalfold_zscore_start",,
"feature_feature_correlation_table.R","default","selected","rnalfold_zscores","rnalfold_zscore_stop",,
"feature_feature_correlation_table.R","default","selected","stopfree","stopfree_length_3utr",,
"feature_feature_correlation_table.R","default","selected","stopfree","stopfree_length_5utr",,
"feature_feature_correlation_table.R","default","selected","stopfree","stopfree_length_cds",,
"feature_feature_correlation_table.R","default","selected","stopfree","stopfree_length_mrna",,
"feature_feature_correlation_table.R","default","selected","te","translation_efficiency",,
"feature_feature_correlation_table.R","default","selected","uorf_present","uorf_present_mrna",,
"feature_response_hex_panels.R","sequence","selected","aa_freqs","aa_a_cds",,
"feature_response_hex_panels.R","sequence","selected","aa_freqs","aa_c_cds",,
"feature_response_hex_panels.R","sequence","selected","aa_freqs","aa_d_cds",,
"feature_response_hex_panels.R","sequence","selected","aa_freqs","aa_e_cds",,
"feature_response_hex_panels.R","sequence","selected","aa_freqs","aa_f_cds",,
"feature_response_hex_panels.R","sequence","selected","aa_freqs","aa_g_cds",,
"feature_response_hex_panels.R","sequence","selected","aa_freqs","aa_h_cds",,
"feature_response_hex_panels.R","sequence","selected","aa_freqs","aa_i_cds",,
"feature_response_hex_panels.R","sequence","selected","aa_freqs","aa_k_cds",,
"feature_response_hex_panels.R","sequence","selected","aa_freqs","aa_l_cds",,
"feature_response_hex_panels.R","sequence","selected","aa_freqs","aa_m_cds",,
"feature_response_hex_panels.R","sequence","selected","aa_freqs","aa_n_cds",,
"feature_response_hex_panels.R","sequence","selected","aa_freqs","aa_p_cds",,
"feature_response_hex_panels.R","sequence","selected","aa_freqs","aa_q_cds",,
"feature_response_hex_panels.R","sequence","selected","aa_freqs","aa_r_cds",,
"feature_response_hex_panels.R","sequence","selected","aa_freqs","aa_s_cds",,
"feature_response_hex_panels.R","sequence","selected","aa_freqs","aa_t_cds",,
"feature_response_hex_panels.R","sequence","selected","aa_freqs","aa_v_cds",,
"feature_response_hex_panels.R","sequence","selected","aa_freqs","aa_w_cds",,
"feature_response_hex_panels.R","sequence","selected","aa_freqs","aa_y_cds",,
"feature_response_hex_panels.R","sequence","selected","amino_ratio","amino_ratio_3utr",,
"feature_response_hex_panels.R","sequence","selected","amino_ratio","amino_ratio_5utr",,
"feature_response_hex_panels.R","sequence","selected","amino_ratio","amino_ratio_cds",,
"feature_response_hex_panels.R","sequence","selected","amino_ratio","amino_ratio_last100",,
"feature_response_hex_panels.R","sequence","selected","amino_ratio","amino_ratio_mrna",,
"feature_response_hex_panels.R","sequence","selected","amino_ratio","amino_ratio_start",,
"feature_response_hex_panels.R","sequence","selected","amino_ratio","amino_ratio_stop",,
"feature_response_hex_panels.R","sequence","selected","at_skew","at_skew_3utr",,
"feature_response_hex_panels.R","sequence","selected","at_skew","at_skew_5utr",,
"feature_response_hex_panels.R","sequence","selected","at_skew","at_skew_cds",,
"feature_response_hex_panels.R","sequence","selected","at_skew","at_skew_last100",,
"feature_response_hex_panels.R","sequence","selected","at_skew","at_skew_mrna",,
"feature_response_hex_panels.R","sequence","selected","at_skew","at_skew_start",,
"feature_response_hex_panels.R","sequence","selected","at_skew","at_skew_stop",,
"feature_response_hex_panels.R","sequence","selected","codon_freqs","codon_aaa_cds",,
"feature_response_hex_panels.R","sequence","selected","codon_freqs","codon_aac_cds",,
"feature_response_hex_panels.R","sequence","selected","codon_freqs","codon_aag_cds",,
"feature_response_hex_panels.R","sequence","selected","codon_freqs","codon_aau_cds",,
"feature_response_hex_panels.R","sequence","selected","codon_freqs","codon_aca_cds",,
"feature_response_hex_panels.R","sequence","selected","codon_freqs","codon_acc_cds",,
"feature_response_hex_panels.R","sequence","selected","codon_freqs","codon_acg_cds",,
"feature_response_hex_panels.R","sequence","selected","codon_freqs","codon_acu_cds",,
"feature_response_hex_panels.R","sequence","selected","codon_freqs","codon_aga_cds",,
"feature_response_hex_panels.R","sequence","selected","codon_freqs","codon_agc_cds",,
"feature_response_hex_panels.R","sequence","selected","codon_freqs","codon_agg_cds",,
"feature_response_hex_panels.R","sequence","selected","codon_freqs","codon_agu_cds",,
"feature_response_hex_panels.R","sequence","selected","codon_freqs","codon_aua_cds",,
"feature_response_hex_panels.R","sequence","selected","codon_freqs","codon_auc_cds",,
"feature_response_hex_panels.R","sequence","selected","codon_freqs","codon_aug_cds",,
"feature_response_hex_panels.R","sequence","selected","codon_freqs","codon_auu_cds",,
"feature_response_hex_panels.R","sequence","selected","codon_freqs","codon_caa_cds",,
"feature_response_hex_panels.R","sequence","selected","codon_freqs","codon_cac_cds",,
"feature_response_hex_panels.R","sequence","selected","codon_freqs","codon_cag_cds",,
"feature_response_hex_panels.R","sequence","selected","codon_freqs","codon_cau_cds",,
"feature_response_hex_panels.R","sequence","selected","codon_freqs","codon_cca_cds",,
"feature_response_hex_panels.R","sequence","selected","codon_freqs","codon_ccc_cds",,
"feature_response_hex_panels.R","sequence","selected","codon_freqs","codon_ccg_cds",,
"feature_response_hex_panels.R","sequence","selected","codon_freqs","codon_ccu_cds",,
"feature_response_hex_panels.R","sequence","selected","codon_freqs","codon_cga_cds",,
"feature_response_hex_panels.R","sequence","selected","codon_freqs","codon_cgc_cds",,
"feature_response_hex_panels.R","sequence","selected","codon_freqs","codon_cgg_cds",,
"feature_response_hex_panels.R","sequence","selected","codon_freqs","codon_cgu_cds",,
"feature_response_hex_panels.R","sequence","selected","codon_freqs","codon_cua_cds",,
"feature_response_hex_panels.R","sequence","selected","codon_freqs","codon_cuc_cds",,
"feature_response_hex_panels.R","sequence","selected","codon_freqs","codon_cug_cds",,
"feature_response_hex_panels.R","sequence","selected","codon_freqs","codon_cuu_cds",,
"feature_response_hex_panels.R","sequence","selected","codon_freqs","codon_gaa_cds",,
"feature_response_hex_panels.R","sequence","selected","codon_freqs","codon_gac_cds",,
"feature_response_hex_panels.R","sequence","selected","codon_freqs","codon_gag_cds",,
"feature_response_hex_panels.R","sequence","selected","codon_freqs","codon_gau_cds",,
"feature_response_hex_panels.R","sequence","selected","codon_freqs","codon_gca_cds",,
"feature_response_hex_panels.R","sequence","selected","codon_freqs","codon_gcc_cds",,
"feature_response_hex_panels.R","sequence","selected","codon_freqs","codon_gcg_cds",,
"feature_response_hex_panels.R","sequence","selected","codon_freqs","codon_gcu_cds",,
"feature_response_hex_panels.R","sequence","selected","codon_freqs","codon_gga_cds",,
"feature_response_hex_panels.R","sequence","selected","codon_freqs","codon_ggc_cds",,
"feature_response_hex_panels.R","sequence","selected","codon_freqs","codon_ggg_cds",,
"feature_response_hex_panels.R","sequence","selected","codon_freqs","codon_ggu_cds",,
"feature_response_hex_panels.R","sequence","selected","codon_freqs","codon_gua_cds",,
"feature_response_hex_panels.R","sequence","selected","codon_freqs","codon_guc_cds",,
"feature_response_hex_panels.R","sequence","selected","codon_freqs","codon_gug_cds",,
"feature_response_hex_panels.R","sequence","selected","codon_freqs","codon_guu_cds",,
"feature_response_hex_panels.R","sequence","selected","codon_freqs","codon_uaa_cds",,
"feature_response_hex_panels.R","sequence","selected","codon_freqs","codon_uac_cds",,
"feature_response_hex_panels.R","sequence","selected","codon_freqs","codon_uag_cds",,
"feature_response_hex_panels.R","sequence","selected","codon_freqs","codon_uau_cds",,
"feature_response_hex_panels.R","sequence","selected","codon_freqs","codon_uca_cds",,
"feature_response_hex_panels.R","sequence","selected","codon_freqs","codon_ucc_cds",,
"feature_response_hex_panels.R","sequence","selected","codon_freqs","codon_ucg_cds",,
"feature_response_hex_panels.R","sequence","selected","codon_freqs","codon_ucu_cds",,
"feature_response_hex_panels.R","sequence","selected","codon_freqs","codon_uga_cds",,
"feature_response_hex_panels.R","sequence","selected","codon_freqs","codon_ugc_cds",,
"feature_response_hex_panels.R","sequence","selected","codon_freqs","codon_ugg_cds",,
"feature_response_hex_panels.R","sequence","selected","codon_freqs","codon_ugu_cds",,
"feature_response_hex_panels.R","sequence","selected","codon_freqs","codon_uua_cds",,
"feature_response_hex_panels.R","sequence","selected","codon_freqs","codon_uuc_cds",,
"feature_response_hex_panels.R","sequence","selected","codon_freqs","codon_uug_cds",,
"feature_response_hex_panels.R","sequence","selected","codon_freqs","codon_uuu_cds",,
"feature_response_hex_panels.R","sequence","selected","gc","gc_content_3utr",,
"feature_response_hex_panels.R","sequence","selected","gc","gc_content_5utr",,
"feature_response_hex_panels.R","sequence","selected","gc","gc_content_cds",,
"feature_response_hex_panels.R","sequence","selected","gc","gc_content_last100",,
"feature_response_hex_panels.R","sequence","selected","gc","gc_content_mrna",,
"feature_response_hex_panels.R","sequence","selected","gc","gc_content_start",,
"feature_response_hex_panels.R","sequence","selected","gc","gc_content_stop",,
"feature_response_hex_panels.R","sequence","selected","gc_skew","gc_skew_3utr",,
"feature_response_hex_panels.R","sequence","selected","gc_skew","gc_skew_5utr",,
"feature_response_hex_panels.R","sequence","selected","gc_skew","gc_skew_cds",,
"feature_response_hex_panels.R","sequence","selected","gc_skew","gc_skew_last100",,
"feature_response_hex_panels.R","sequence","selected","gc_skew","gc_skew_mrna",,
"feature_response_hex_panels.R","sequence","selected","gc_skew","gc_skew_start",,
"feature_response_hex_panels.R","sequence","selected","gc_skew","gc_skew_stop",,
"feature_response_hex_panels.R","sequence","selected","lengths","length_3utr",,
"feature_response_hex_panels.R","sequence","selected","lengths","length_5utr",,
"feature_response_hex_panels.R","sequence","selected","lengths","length_cds",,
"feature_response_hex_panels.R","sequence","selected","lengths","length_mrna",,
"feature_response_hex_panels.R","sequence","selected","nuc_ratios","frac_a_3utr",,
"feature_response_hex_panels.R","sequence","selected","nuc_ratios","frac_a_5utr",,
"feature_response_hex_panels.R","sequence","selected","nuc_ratios","frac_a_cds",,
"feature_response_hex_panels.R","sequence","selected","nuc_ratios","frac_a_last100",,
"feature_response_hex_panels.R","sequence","selected","nuc_ratios","frac_a_mrna",,
"feature_response_hex_panels.R","sequence","selected","nuc_ratios","frac_a_start",,
"feature_response_hex_panels.R","sequence","selected","nuc_ratios","frac_a_stop",,
"feature_response_hex_panels.R","sequence","selected","nuc_ratios","frac_c_3utr",,
"feature_response_hex_panels.R","sequence","selected","nuc_ratios","frac_c_5utr",,
"feature_response_hex_panels.R","sequence","selected","nuc_ratios","frac_c_cds",,
"feature_response_hex_panels.R","sequence","selected","nuc_ratios","frac_c_last100",,
"feature_response_hex_panels.R","sequence","selected","nuc_ratios","frac_c_mrna",,
"feature_response_hex_panels.R","sequence","selected","nuc_ratios","frac_c_start",,
"feature_response_hex_panels.R","sequence","selected","nuc_ratios","frac_c_stop",,
"feature_response_hex_panels.R","sequence","selected","nuc_ratios","frac_g_3utr",,
"feature_response_hex_panels.R","sequence","selected","nuc_ratios","frac_g_5utr",,
"feature_response_hex_panels.R","sequence","selected","nuc_ratios","frac_g_cds",,
"feature_response_hex_panels.R","sequence","selected","nuc_ratios","frac_g_last100",,
"feature_response_hex_panels.R","sequence","selected","nuc_ratios","frac_g_mrna",,
"feature_response_hex_panels.R","sequence","selected","nuc_ratios","frac_g_start",,
"feature_response_hex_panels.R","sequence","selected","nuc_ratios","frac_g_stop",,
"feature_response_hex_panels.R","sequence","selected","nuc_ratios","frac_u_3utr",,
"feature_response_hex_panels.R","sequence","selected","nuc_ratios","frac_u_5utr",,
"feature_response_hex_panels.R","sequence","selected","nuc_ratios","frac_u_cds",,
"feature_response_hex_panels.R","sequence","selected","nuc_ratios","frac_u_last100",,
"feature_response_hex_panels.R","sequence","selected","nuc_ratios","frac_u_mrna",,
"feature_response_hex_panels.R","sequence","selected","nuc_ratios","frac_u_start",,
"feature_response_hex_panels.R","sequence","selected","nuc_ratios","frac_u_stop",,
"feature_response_hex_panels.R","sequence","selected","purine_ratio","purine_ratio_3utr",,
"feature_response_hex_panels.R","sequence","selected","purine_ratio","purine_ratio_5utr",,
"feature_response_hex_panels.R","sequence","selected","purine_ratio","purine_ratio_cds",,
"feature_response_hex_panels.R","sequence","selected","purine_ratio","purine_ratio_last100",,
"feature_response_hex_panels.R","sequence","selected","purine_ratio","purine_ratio_mrna",,
"feature_response_hex_panels.R","sequence","selected","purine_ratio","purine_ratio_start",,
"feature_response_hex_panels.R","sequence","selected","purine_ratio","purine_ratio_stop",,
"feature_response_hex_panels.R","sequence","selected","stopfree","stopfree_length_3utr",,
"feature_response_hex_panels.R","sequence","selected","stopfree","stopfree_length_5utr",,
"feature_response_hex_panels.R","sequence","selected","stopfree","stopfree_length_cds",,
"feature_response_hex_panels.R","sequence","selected","stopfree","stopfree_length_mrna",,
"feature_response_hex_panels.R","structure","selected","mfe_deltas","mfe_delta_3utr",,
"feature_response_hex_panels.R","structure","selected","mfe_deltas","mfe_delta_5utr",,
"feature_response_hex_panels.R","structure","selected","mfe_deltas","mfe_delta_cds",,
"feature_response_hex_panels.R","structure","selected","mfe_deltas","mfe_delta_last100",,
"feature_response_hex_panels.R","structure","selected","mfe_deltas","mfe_delta_mrna",,
"feature_response_hex_panels.R","structure","selected","mfe_deltas","mfe_delta_start",,
"feature_response_hex_panels.R","structure","selected","mfe_deltas","mfe_delta_stop",,
"feature_response_hex_panels.R","structure","selected","mfe_expected","mfe_expected_3utr",,
"feature_response_hex_panels.R","structure","selected","mfe_expected","mfe_expected_5utr",,
"feature_response_hex_panels.R","structure","selected","mfe_expected","mfe_expected_cds",,
"feature_response_hex_panels.R","structure","selected","mfe_expected","mfe_expected_last100",,
"feature_response_hex_panels.R","structure","selected","mfe_expected","mfe_expected_mrna",,
"feature_response_hex_panels.R","structure","selected","mfe_expected","mfe_expected_start",,
"feature_response_hex_panels.R","structure","selected","mfe_expected","mfe_expected_stop",,
"feature_response_hex_panels.R","structure","selected","probing","gini_cytoplasm_3utr",,
"feature_response_hex_panels.R","structure","selected","probing","gini_cytoplasm_5utr",,
"feature_response_hex_panels.R","structure","selected","probing","gini_cytoplasm_cds",,
"feature_response_hex_panels.R","structure","selected","probing","gini_cytoplasm_mrna",,
"feature_response_hex_panels.R","structure","selected","probing","gini_nucleoplasm_3utr",,
"feature_response_hex_panels.R","structure","selected","probing","gini_nucleoplasm_5utr",,
"feature_response_hex_panels.R","structure","selected","probing","gini_nucleoplasm_cds",,
"feature_response_hex_panels.R","structure","selected","probing","gini_nucleoplasm_mrna",,
"feature_response_hex_panels.R","structure","selected","rnafold_per_nt","rnafold_per_nt_3utr",,
"feature_response_hex_panels.R","structure","selected","rnafold_per_nt","rnafold_per_nt_5utr",,
"feature_response_hex_panels.R","structure","selected","rnafold_per_nt","rnafold_per_nt_cds",,
"feature_response_hex_panels.R","structure","selected","rnafold_per_nt","rnafold_per_nt_last100",,
"feature_response_hex_panels.R","structure","selected","rnafold_per_nt","rnafold_per_nt_mrna",,
"feature_response_hex_panels.R","structure","selected","rnafold_per_nt","rnafold_per_nt_start",,
"feature_response_hex_panels.R","structure","selected","rnafold_per_nt","rnafold_per_nt_stop",,
"feature_response_hex_panels.R","structure","selected","rnafold_scores","rnafold_score_3utr",,
"feature_response_hex_panels.R","structure","selected","rnafold_scores","rnafold_score_5utr",,
"feature_response_hex_panels.R","structure","selected","rnafold_scores","rnafold_score_cds",,
"feature_response_hex_panels.R","structure","selected","rnafold_scores","rnafold_score_last100",,
"feature_response_hex_panels.R","structure","selected","rnafold_scores","rnafold_score_mrna",,
"feature_response_hex_panels.R","structure","selected","rnafold_scores","rnafold_score_start",,
"feature_response_hex_panels.R","structure","selected","rnafold_scores","rnafold_score_stop",,
"feature_response_hex_panels.R","structure","selected","rnafold_scores","rnafold_score_utrpair",,
"feature_response_hex_panels.R","structure","selected","rnafold_zscores","rnafold_zscore_3utr",,
"feature_response_hex_panels.R","structure","selected","rnafold_zscores","rnafold_zscore_5utr",,
"feature_response_hex_panels.R","structure","selected","rnafold_zscores","rnafold_zscore_cds",,
"feature_response_hex_panels.R","structure","selected","rnafold_zscores","rnafold_zscore_last100",,
"feature_response_hex_panels.R","structure","selected","rnafold_zscores","rnafold_zscore_mrna",,
"feature_response_hex_panels.R","structure","selected","rnafold_zscores","rnafold_zscore_start",,
"feature_response_hex_panels.R","structure","selected","rnafold_zscores","rnafold_zscore_stop",,
"feature_response_hex_panels.R","structure","selected","rnafold_zscores","rnafold_zscore_utrpair",,
"feature_response_hex_panels.R","structure","selected","rnalfold_scores","rnalfold_score_3utr",,
"feature_response_hex_panels.R","structure","selected","rnalfold_scores","rnalfold_score_5utr",,
"feature_response_hex_panels.R","structure","selected","rnalfold_scores","rnalfold_score_cds",,
"feature_response_hex_panels.R","structure","selected","rnalfold_scores","rnalfold_score_last100",,
"feature_response_hex_panels.R","structure","selected","rnalfold_scores","rnalfold_score_mrna",,
"feature_response_hex_panels.R","structure","selected","rnalfold_scores","rnalfold_score_start",,
"feature_response_hex_panels.R","structure","selected","rnalfold_scores","rnalfold_score_stop",,
"feature_response_hex_panels.R","structure","selected","rnalfold_zscores","rnalfold_zscore_3utr",,
"feature_response_hex_panels.R","structure","selected","rnalfold_zscores","rnalfold_zscore_5utr",,
"feature_response_hex_panels.R","structure","selected","rnalfold_zscores","rnalfold_zscore_cds",,
"feature_response_hex_panels.R","structure","selected","rnalfold_zscores","rnalfold_zscore_last100",,
"feature_response_hex_panels.R","structure","selected","rnalfold_zscores","rnalfold_zscore_mrna",,
"feature_response_hex_panels.R","structure","selected","rnalfold_zscores","rnalfold_zscore_start",,
"feature_response_hex_panels.R","structure","selected","rnalfold_zscores","rnalfold_zscore_stop",,
"feature_response_scatter.R","included","plotted","aa_freqs",,"aa_s_cds","cds"
"feature_response_scatter.R","included","plotted","aa_freqs",,"aa_v_cds","cds"
"feature_response_scatter.R","included","plotted","amino_ratio",,"amino_ratio_3utr","3utr"
"feature_response_scatter.R","included","plotted","amino_ratio",,"amino_ratio_5utr","5utr"
"feature_response_scatter.R","included","plotted","amino_ratio",,"amino_ratio_cds","cds"
"feature_response_scatter.R","included","plotted","amino_ratio",,"amino_ratio_last100","last100"
"feature_response_scatter.R","included","plotted","amino_ratio",,"amino_ratio_mrna","mrna"
"feature_response_scatter.R","included","plotted","amino_ratio",,"amino_ratio_start","start"
"feature_response_scatter.R","included","plotted","amino_ratio",,"amino_ratio_stop","stop"
"feature_response_scatter.R","included","plotted","at_skew",,"at_skew_3utr","3utr"
"feature_response_scatter.R","included","plotted","at_skew",,"at_skew_5utr","5utr"
"feature_response_scatter.R","included","plotted","at_skew",,"at_skew_cds","cds"
"feature_response_scatter.R","included","plotted","at_skew",,"at_skew_last100","last100"
"feature_response_scatter.R","included","plotted","at_skew",,"at_skew_mrna","mrna"
"feature_response_scatter.R","included","plotted","at_skew",,"at_skew_start","start"
"feature_response_scatter.R","included","plotted","at_skew",,"at_skew_stop","stop"
"feature_response_scatter.R","included","plotted","cai",,"cai","cds"
"feature_response_scatter.R","included","plotted","codon_freqs",,"codon_agu_cds","cds"
"feature_response_scatter.R","included","plotted","codon_freqs",,"codon_uca_cds","cds"
"feature_response_scatter.R","included","plotted","eej_dist_closest",,"eej_dist_closest_start","start"
"feature_response_scatter.R","included","plotted","eej_dist_closest",,"eej_dist_closest_stop","stop"
"feature_response_scatter.R","included","plotted","exon_density",,"exon_density_mrna","mrna"
"feature_response_scatter.R","included","plotted","gc",,"gc_content_3utr","3utr"
"feature_response_scatter.R","included","plotted","gc",,"gc_content_5utr","5utr"
"feature_response_scatter.R","included","plotted","gc",,"gc_content_cds","cds"
"feature_response_scatter.R","included","plotted","gc",,"gc_content_last100","last100"
"feature_response_scatter.R","included","plotted","gc",,"gc_content_mrna","mrna"
"feature_response_scatter.R","included","plotted","gc",,"gc_content_start","start"
"feature_response_scatter.R","included","plotted","gc",,"gc_content_stop","stop"
"feature_response_scatter.R","included","plotted","gc_skew",,"gc_skew_3utr","3utr"
"feature_response_scatter.R","included","plotted","gc_skew",,"gc_skew_5utr","5utr"
"feature_response_scatter.R","included","plotted","gc_skew",,"gc_skew_cds","cds"
"feature_response_scatter.R","included","plotted","gc_skew",,"gc_skew_last100","last100"
"feature_response_scatter.R","included","plotted","gc_skew",,"gc_skew_mrna","mrna"
"feature_response_scatter.R","included","plotted","gc_skew",,"gc_skew_start","start"
"feature_response_scatter.R","included","plotted","gc_skew",,"gc_skew_stop","stop"
"feature_response_scatter.R","included","plotted","lengths",,"length_3utr","3utr"
"feature_response_scatter.R","included","plotted","lengths",,"length_5utr","5utr"
"feature_response_scatter.R","included","plotted","lengths",,"length_cds","cds"
"feature_response_scatter.R","included","plotted","lengths",,"length_mrna","mrna"
"feature_response_scatter.R","included","plotted","mfe_deltas",,"mfe_delta_3utr","3utr"
"feature_response_scatter.R","included","plotted","mfe_deltas",,"mfe_delta_5utr","5utr"
"feature_response_scatter.R","included","plotted","mfe_deltas",,"mfe_delta_cds","cds"
"feature_response_scatter.R","included","plotted","mfe_deltas",,"mfe_delta_last100","last100"
"feature_response_scatter.R","included","plotted","mfe_deltas",,"mfe_delta_mrna","mrna"
"feature_response_scatter.R","included","plotted","mfe_deltas",,"mfe_delta_start","start"
"feature_response_scatter.R","included","plotted","mfe_deltas",,"mfe_delta_stop","stop"
"feature_response_scatter.R","included","plotted","mfe_expected",,"mfe_expected_3utr","3utr"
"feature_response_scatter.R","included","plotted","mfe_expected",,"mfe_expected_5utr","5utr"
"feature_response_scatter.R","included","plotted","mfe_expected",,"mfe_expected_cds","cds"
"feature_response_scatter.R","included","plotted","mfe_expected",,"mfe_expected_last100","last100"
"feature_response_scatter.R","included","plotted","mfe_expected",,"mfe_expected_mrna","mrna"
"feature_response_scatter.R","included","plotted","mfe_expected",,"mfe_expected_start","start"
"feature_response_scatter.R","included","plotted","mfe_expected",,"mfe_expected_stop","stop"
"feature_response_scatter.R","included","plotted","nmd_alt_stop",,"nmd_alt_stop_codon_density_mrna","mrna"
"feature_response_scatter.R","included","plotted","nmd_snv_fragile",,"nmd_snv_fragile_codon_density_mrna","mrna"
"feature_response_scatter.R","included","plotted","nuc_ratios",,"frac_a_3utr","3utr"
"feature_response_scatter.R","included","plotted","nuc_ratios",,"frac_a_5utr","5utr"
"feature_response_scatter.R","included","plotted","nuc_ratios",,"frac_a_cds","cds"
"feature_response_scatter.R","included","plotted","nuc_ratios",,"frac_a_last100","last100"
"feature_response_scatter.R","included","plotted","nuc_ratios",,"frac_a_mrna","mrna"
"feature_response_scatter.R","included","plotted","nuc_ratios",,"frac_a_start","start"
"feature_response_scatter.R","included","plotted","nuc_ratios",,"frac_a_stop","stop"
"feature_response_scatter.R","included","plotted","nuc_ratios",,"frac_c_3utr","3utr"
"feature_response_scatter.R","included","plotted","nuc_ratios",,"frac_c_5utr","5utr"
"feature_response_scatter.R","included","plotted","nuc_ratios",,"frac_c_cds","cds"
"feature_response_scatter.R","included","plotted","nuc_ratios",,"frac_c_last100","last100"
"feature_response_scatter.R","included","plotted","nuc_ratios",,"frac_c_mrna","mrna"
"feature_response_scatter.R","included","plotted","nuc_ratios",,"frac_c_start","start"
"feature_response_scatter.R","included","plotted","nuc_ratios",,"frac_c_stop","stop"
"feature_response_scatter.R","included","plotted","nuc_ratios",,"frac_g_3utr","3utr"
"feature_response_scatter.R","included","plotted","nuc_ratios",,"frac_g_5utr","5utr"
"feature_response_scatter.R","included","plotted","nuc_ratios",,"frac_g_cds","cds"
"feature_response_scatter.R","included","plotted","nuc_ratios",,"frac_g_last100","last100"
"feature_response_scatter.R","included","plotted","nuc_ratios",,"frac_g_mrna","mrna"
"feature_response_scatter.R","included","plotted","nuc_ratios",,"frac_g_start","start"
"feature_response_scatter.R","included","plotted","nuc_ratios",,"frac_g_stop","stop"
"feature_response_scatter.R","included","plotted","nuc_ratios",,"frac_u_3utr","3utr"
"feature_response_scatter.R","included","plotted","nuc_ratios",,"frac_u_5utr","5utr"
"feature_response_scatter.R","included","plotted","nuc_ratios",,"frac_u_cds","cds"
"feature_response_scatter.R","included","plotted","nuc_ratios",,"frac_u_last100","last100"
"feature_response_scatter.R","included","plotted","nuc_ratios",,"frac_u_mrna","mrna"
"feature_response_scatter.R","included","plotted","nuc_ratios",,"frac_u_start","start"
"feature_response_scatter.R","included","plotted","nuc_ratios",,"frac_u_stop","stop"
"feature_response_scatter.R","included","plotted","probing",,"gini_cytoplasm_3utr","3utr"
"feature_response_scatter.R","included","plotted","probing",,"gini_cytoplasm_5utr","5utr"
"feature_response_scatter.R","included","plotted","probing",,"gini_cytoplasm_cds","cds"
"feature_response_scatter.R","included","plotted","probing",,"gini_cytoplasm_mrna","mrna"
"feature_response_scatter.R","included","plotted","purine_ratio",,"purine_ratio_3utr","3utr"
"feature_response_scatter.R","included","plotted","purine_ratio",,"purine_ratio_5utr","5utr"
"feature_response_scatter.R","included","plotted","purine_ratio",,"purine_ratio_cds","cds"
"feature_response_scatter.R","included","plotted","purine_ratio",,"purine_ratio_last100","last100"
"feature_response_scatter.R","included","plotted","purine_ratio",,"purine_ratio_mrna","mrna"
"feature_response_scatter.R","included","plotted","purine_ratio",,"purine_ratio_start","start"
"feature_response_scatter.R","included","plotted","purine_ratio",,"purine_ratio_stop","stop"
"feature_response_scatter.R","included","plotted","rnafold_per_nt",,"rnafold_per_nt_3utr","3utr"
"feature_response_scatter.R","included","plotted","rnafold_per_nt",,"rnafold_per_nt_5utr","5utr"
"feature_response_scatter.R","included","plotted","rnafold_per_nt",,"rnafold_per_nt_cds","cds"
"feature_response_scatter.R","included","plotted","rnafold_per_nt",,"rnafold_per_nt_last100","last100"
"feature_response_scatter.R","included","plotted","rnafold_per_nt",,"rnafold_per_nt_mrna","mrna"
"feature_response_scatter.R","included","plotted","rnafold_per_nt",,"rnafold_per_nt_start","start"
"feature_response_scatter.R","included","plotted","rnafold_per_nt",,"rnafold_per_nt_stop","stop"
"feature_response_scatter.R","included","plotted","rnafold_scores",,"rnafold_score_3utr","3utr"
"feature_response_scatter.R","included","plotted","rnafold_scores",,"rnafold_score_5utr","5utr"
"feature_response_scatter.R","included","plotted","rnafold_scores",,"rnafold_score_cds","cds"
"feature_response_scatter.R","included","plotted","rnafold_scores",,"rnafold_score_last100","last100"
"feature_response_scatter.R","included","plotted","rnafold_scores",,"rnafold_score_mrna","mrna"
"feature_response_scatter.R","included","plotted","rnafold_scores",,"rnafold_score_start","start"
"feature_response_scatter.R","included","plotted","rnafold_scores",,"rnafold_score_stop","stop"
"feature_response_scatter.R","included","plotted","rnafold_scores",,"rnafold_score_utrpair","utrpair"
"feature_response_scatter.R","included","plotted","rnafold_zscores",,"rnafold_zscore_3utr","3utr"
"feature_response_scatter.R","included","plotted","rnafold_zscores",,"rnafold_zscore_5utr","5utr"
"feature_response_scatter.R","included","plotted","rnafold_zscores",,"rnafold_zscore_cds","cds"
"feature_response_scatter.R","included","plotted","rnafold_zscores",,"rnafold_zscore_last100","last100"
"feature_response_scatter.R","included","plotted","rnafold_zscores",,"rnafold_zscore_mrna","mrna"
"feature_response_scatter.R","included","plotted","rnafold_zscores",,"rnafold_zscore_start","start"
"feature_response_scatter.R","included","plotted","rnafold_zscores",,"rnafold_zscore_stop","stop"
"feature_response_scatter.R","included","plotted","rnafold_zscores",,"rnafold_zscore_utrpair","utrpair"
"feature_response_scatter.R","included","plotted","rnalfold_scores",,"rnalfold_score_3utr","3utr"
"feature_response_scatter.R","included","plotted","rnalfold_scores",,"rnalfold_score_5utr","5utr"
"feature_response_scatter.R","included","plotted","rnalfold_scores",,"rnalfold_score_cds","cds"
"feature_response_scatter.R","included","plotted","rnalfold_scores",,"rnalfold_score_last100","last100"
"feature_response_scatter.R","included","plotted","rnalfold_scores",,"rnalfold_score_mrna","mrna"
"feature_response_scatter.R","included","plotted","rnalfold_scores",,"rnalfold_score_start","start"
"feature_response_scatter.R","included","plotted","rnalfold_scores",,"rnalfold_score_stop","stop"
"feature_response_scatter.R","included","plotted","rnalfold_zscores",,"rnalfold_zscore_3utr","3utr"
"feature_response_scatter.R","included","plotted","rnalfold_zscores",,"rnalfold_zscore_5utr","5utr"
"feature_response_scatter.R","included","plotted","rnalfold_zscores",,"rnalfold_zscore_cds","cds"
"feature_response_scatter.R","included","plotted","rnalfold_zscores",,"rnalfold_zscore_last100","last100"
"feature_response_scatter.R","included","plotted","rnalfold_zscores",,"rnalfold_zscore_mrna","mrna"
"feature_response_scatter.R","included","plotted","rnalfold_zscores",,"rnalfold_zscore_start","start"
"feature_response_scatter.R","included","plotted","rnalfold_zscores",,"rnalfold_zscore_stop","stop"
"feature_response_scatter.R","included","plotted","stopfree",,"stopfree_length_3utr","3utr"
"feature_response_scatter.R","included","plotted","stopfree",,"stopfree_length_5utr","5utr"
"feature_response_scatter.R","included","plotted","stopfree",,"stopfree_length_cds","cds"
"feature_response_scatter.R","included","plotted","stopfree",,"stopfree_length_mrna","mrna"
"feature_response_scatter.R","included","plotted","uorf_present",,"uorf_present_mrna","mrna"
"feature_response_scatter.R","included","selected","aa_freqs","aa_s_cds",,
"feature_response_scatter.R","included","selected","aa_freqs","aa_v_cds",,
"feature_response_scatter.R","included","selected","amino_ratio","amino_ratio_3utr",,
"feature_response_scatter.R","included","selected","amino_ratio","amino_ratio_5utr",,
"feature_response_scatter.R","included","selected","amino_ratio","amino_ratio_cds",,
"feature_response_scatter.R","included","selected","amino_ratio","amino_ratio_last100",,
"feature_response_scatter.R","included","selected","amino_ratio","amino_ratio_mrna",,
"feature_response_scatter.R","included","selected","amino_ratio","amino_ratio_start",,
"feature_response_scatter.R","included","selected","amino_ratio","amino_ratio_stop",,
"feature_response_scatter.R","included","selected","at_skew","at_skew_3utr",,
"feature_response_scatter.R","included","selected","at_skew","at_skew_5utr",,
"feature_response_scatter.R","included","selected","at_skew","at_skew_cds",,
"feature_response_scatter.R","included","selected","at_skew","at_skew_last100",,
"feature_response_scatter.R","included","selected","at_skew","at_skew_mrna",,
"feature_response_scatter.R","included","selected","at_skew","at_skew_start",,
"feature_response_scatter.R","included","selected","at_skew","at_skew_stop",,
"feature_response_scatter.R","included","selected","cai","cai_cds",,
"feature_response_scatter.R","included","selected","codon_freqs","codon_agu_cds",,
"feature_response_scatter.R","included","selected","codon_freqs","codon_uca_cds",,
"feature_response_scatter.R","included","selected","eej_dist_closest","eej_dist_closest_start",,
"feature_response_scatter.R","included","selected","eej_dist_closest","eej_dist_closest_stop",,
"feature_response_scatter.R","included","selected","exon_density","exon_density_mrna",,
"feature_response_scatter.R","included","selected","gc","gc_content_3utr",,
"feature_response_scatter.R","included","selected","gc","gc_content_5utr",,
"feature_response_scatter.R","included","selected","gc","gc_content_cds",,
"feature_response_scatter.R","included","selected","gc","gc_content_last100",,
"feature_response_scatter.R","included","selected","gc","gc_content_mrna",,
"feature_response_scatter.R","included","selected","gc","gc_content_start",,
"feature_response_scatter.R","included","selected","gc","gc_content_stop",,
"feature_response_scatter.R","included","selected","gc_skew","gc_skew_3utr",,
"feature_response_scatter.R","included","selected","gc_skew","gc_skew_5utr",,
"feature_response_scatter.R","included","selected","gc_skew","gc_skew_cds",,
"feature_response_scatter.R","included","selected","gc_skew","gc_skew_last100",,
"feature_response_scatter.R","included","selected","gc_skew","gc_skew_mrna",,
"feature_response_scatter.R","included","selected","gc_skew","gc_skew_start",,
"feature_response_scatter.R","included","selected","gc_skew","gc_skew_stop",,
"feature_response_scatter.R","included","selected","lengths","length_3utr",,
"feature_response_scatter.R","included","selected","lengths","length_5utr",,
"feature_response_scatter.R","included","selected","lengths","length_cds",,
"feature_response_scatter.R","included","selected","lengths","length_mrna",,
"feature_response_scatter.R","included","selected","mfe_deltas","mfe_delta_3utr",,
"feature_response_scatter.R","included","selected","mfe_deltas","mfe_delta_5utr",,
"feature_response_scatter.R","included","selected","mfe_deltas","mfe_delta_cds",,
"feature_response_scatter.R","included","selected","mfe_deltas","mfe_delta_last100",,
"feature_response_scatter.R","included","selected","mfe_deltas","mfe_delta_mrna",,
"feature_response_scatter.R","included","selected","mfe_deltas","mfe_delta_start",,
"feature_response_scatter.R","included","selected","mfe_deltas","mfe_delta_stop",,
"feature_response_scatter.R","included","selected","mfe_expected","mfe_expected_3utr",,
"feature_response_scatter.R","included","selected","mfe_expected","mfe_expected_5utr",,
"feature_response_scatter.R","included","selected","mfe_expected","mfe_expected_cds",,
"feature_response_scatter.R","included","selected","mfe_expected","mfe_expected_last100",,
"feature_response_scatter.R","included","selected","mfe_expected","mfe_expected_mrna",,
"feature_response_scatter.R","included","selected","mfe_expected","mfe_expected_start",,
"feature_response_scatter.R","included","selected","mfe_expected","mfe_expected_stop",,
"feature_response_scatter.R","included","selected","nmd_alt_stop","nmd_alt_stop_codon_density_mrna",,
"feature_response_scatter.R","included","selected","nmd_snv_fragile","nmd_snv_fragile_codon_density_mrna",,
"feature_response_scatter.R","included","selected","nuc_ratios","frac_a_3utr",,
"feature_response_scatter.R","included","selected","nuc_ratios","frac_a_5utr",,
"feature_response_scatter.R","included","selected","nuc_ratios","frac_a_cds",,
"feature_response_scatter.R","included","selected","nuc_ratios","frac_a_last100",,
"feature_response_scatter.R","included","selected","nuc_ratios","frac_a_mrna",,
"feature_response_scatter.R","included","selected","nuc_ratios","frac_a_start",,
"feature_response_scatter.R","included","selected","nuc_ratios","frac_a_stop",,
"feature_response_scatter.R","included","selected","nuc_ratios","frac_c_3utr",,
"feature_response_scatter.R","included","selected","nuc_ratios","frac_c_5utr",,
"feature_response_scatter.R","included","selected","nuc_ratios","frac_c_cds",,
"feature_response_scatter.R","included","selected","nuc_ratios","frac_c_last100",,
"feature_response_scatter.R","included","selected","nuc_ratios","frac_c_mrna",,
"feature_response_scatter.R","included","selected","nuc_ratios","frac_c_start",,
"feature_response_scatter.R","included","selected","nuc_ratios","frac_c_stop",,
"feature_response_scatter.R","included","selected","nuc_ratios","frac_g_3utr",,
"feature_response_scatter.R","included","selected","nuc_ratios","frac_g_5utr",,
"feature_response_scatter.R","included","selected","nuc_ratios","frac_g_cds",,
"feature_response_scatter.R","included","selected","nuc_ratios","frac_g_last100",,
"feature_response_scatter.R","included","selected","nuc_ratios","frac_g_mrna",,
"feature_response_scatter.R","included","selected","nuc_ratios","frac_g_start",,
"feature_response_scatter.R","included","selected","nuc_ratios","frac_g_stop",,
"feature_response_scatter.R","included","selected","nuc_ratios","frac_u_3utr",,
"feature_response_scatter.R","included","selected","nuc_ratios","frac_u_5utr",,
"feature_response_scatter.R","included","selected","nuc_ratios","frac_u_cds",,
"feature_response_scatter.R","included","selected","nuc_ratios","frac_u_last100",,
"feature_response_scatter.R","included","selected","nuc_ratios","frac_u_mrna",,
"feature_response_scatter.R","included","selected","nuc_ratios","frac_u_start",,
"feature_response_scatter.R","included","selected","nuc_ratios","frac_u_stop",,
"feature_response_scatter.R","included","selected","probing","gini_cytoplasm_3utr",,
"feature_response_scatter.R","included","selected","probing","gini_cytoplasm_5utr",,
"feature_response_scatter.R","included","selected","probing","gini_cytoplasm_cds",,
"feature_response_scatter.R","included","selected","probing","gini_cytoplasm_mrna",,
"feature_response_scatter.R","included","selected","purine_ratio","purine_ratio_3utr",,
"feature_response_scatter.R","included","selected","purine_ratio","purine_ratio_5utr",,
"feature_response_scatter.R","included","selected","purine_ratio","purine_ratio_cds",,
"feature_response_scatter.R","included","selected","purine_ratio","purine_ratio_last100",,
"feature_response_scatter.R","included","selected","purine_ratio","purine_ratio_mrna",,
"feature_response_scatter.R","included","selected","purine_ratio","purine_ratio_start",,
"feature_response_scatter.R","included","selected","purine_ratio","purine_ratio_stop",,
"feature_response_scatter.R","included","selected","rnafold_per_nt","rnafold_per_nt_3utr",,
"feature_response_scatter.R","included","selected","rnafold_per_nt","rnafold_per_nt_5utr",,
"feature_response_scatter.R","included","selected","rnafold_per_nt","rnafold_per_nt_cds",,
"feature_response_scatter.R","included","selected","rnafold_per_nt","rnafold_per_nt_last100",,
"feature_response_scatter.R","included","selected","rnafold_per_nt","rnafold_per_nt_mrna",,
"feature_response_scatter.R","included","selected","rnafold_per_nt","rnafold_per_nt_start",,
"feature_response_scatter.R","included","selected","rnafold_per_nt","rnafold_per_nt_stop",,
"feature_response_scatter.R","included","selected","rnafold_scores","rnafold_score_3utr",,
"feature_response_scatter.R","included","selected","rnafold_scores","rnafold_score_5utr",,
"feature_response_scatter.R","included","selected","rnafold_scores","rnafold_score_cds",,
"feature_response_scatter.R","included","selected","rnafold_scores","rnafold_score_last100",,
"feature_response_scatter.R","included","selected","rnafold_scores","rnafold_score_mrna",,
"feature_response_scatter.R","included","selected","rnafold_scores","rnafold_score_start",,
"feature_response_scatter.R","included","selected","rnafold_scores","rnafold_score_stop",,
"feature_response_scatter.R","included","selected","rnafold_scores","rnafold_score_utrpair",,
"feature_response_scatter.R","included","selected","rnafold_zscores","rnafold_zscore_3utr",,
"feature_response_scatter.R","included","selected","rnafold_zscores","rnafold_zscore_5utr",,
"feature_response_scatter.R","included","selected","rnafold_zscores","rnafold_zscore_cds",,
"feature_response_scatter.R","included","selected","rnafold_zscores","rnafold_zscore_last100",,
"feature_response_scatter.R","included","selected","rnafold_zscores","rnafold_zscore_mrna",,
"feature_response_scatter.R","included","selected","rnafold_zscores","rnafold_zscore_start",,
"feature_response_scatter.R","included","selected","rnafold_zscores","rnafold_zscore_stop",,
"feature_response_scatter.R","included","selected","rnafold_zscores","rnafold_zscore_utrpair",,
"feature_response_scatter.R","included","selected","rnalfold_scores","rnalfold_score_3utr",,
"feature_response_scatter.R","included","selected","rnalfold_scores","rnalfold_score_5utr",,
"feature_response_scatter.R","included","selected","rnalfold_scores","rnalfold_score_cds",,
"feature_response_scatter.R","included","selected","rnalfold_scores","rnalfold_score_last100",,
"feature_response_scatter.R","included","selected","rnalfold_scores","rnalfold_score_mrna",,
"feature_response_scatter.R","included","selected","rnalfold_scores","rnalfold_score_start",,
"feature_response_scatter.R","included","selected","rnalfold_scores","rnalfold_score_stop",,
"feature_response_scatter.R","included","selected","rnalfold_zscores","rnalfold_zscore_3utr",,
"feature_response_scatter.R","included","selected","rnalfold_zscores","rnalfold_zscore_5utr",,
"feature_response_scatter.R","included","selected","rnalfold_zscores","rnalfold_zscore_cds",,
"feature_response_scatter.R","included","selected","rnalfold_zscores","rnalfold_zscore_last100",,
"feature_response_scatter.R","included","selected","rnalfold_zscores","rnalfold_zscore_mrna",,
"feature_response_scatter.R","included","selected","rnalfold_zscores","rnalfold_zscore_start",,
"feature_response_scatter.R","included","selected","rnalfold_zscores","rnalfold_zscore_stop",,
"feature_response_scatter.R","included","selected","stopfree","stopfree_length_3utr",,
"feature_response_scatter.R","included","selected","stopfree","stopfree_length_5utr",,
"feature_response_scatter.R","included","selected","stopfree","stopfree_length_cds",,
"feature_response_scatter.R","included","selected","stopfree","stopfree_length_mrna",,
"feature_response_scatter.R","included","selected","uorf_present","uorf_present_mrna",,
"feature_response_scatter.R","top_1","plotted","aa_freqs",,"aa_s_cds","cds"
"feature_response_scatter.R","top_1","plotted","amino_ratio",,"amino_ratio_cds","cds"
"feature_response_scatter.R","top_1","plotted","at_skew",,"at_skew_mrna","mrna"
"feature_response_scatter.R","top_1","plotted","cai",,"cai","cds"
"feature_response_scatter.R","top_1","plotted","codon_freqs",,"codon_uca_cds","cds"
"feature_response_scatter.R","top_1","plotted","eej_dist_closest",,"eej_dist_closest_stop","stop"
"feature_response_scatter.R","top_1","plotted","exon_density",,"exon_density_mrna","mrna"
"feature_response_scatter.R","top_1","plotted","gc",,"gc_content_mrna","mrna"
"feature_response_scatter.R","top_1","plotted","gc_skew",,"gc_skew_cds","cds"
"feature_response_scatter.R","top_1","plotted","lengths",,"length_cds","cds"
"feature_response_scatter.R","top_1","plotted","mfe_deltas",,"mfe_delta_mrna","mrna"
"feature_response_scatter.R","top_1","plotted","mfe_expected",,"mfe_expected_cds","cds"
"feature_response_scatter.R","top_1","plotted","nmd_alt_stop",,"nmd_alt_stop_codon_density_mrna","mrna"
"feature_response_scatter.R","top_1","plotted","nmd_snv_fragile",,"nmd_snv_fragile_codon_density_mrna","mrna"
"feature_response_scatter.R","top_1","plotted","nuc_ratios",,"frac_u_mrna","mrna"
"feature_response_scatter.R","top_1","plotted","probing",,"gini_cytoplasm_mrna","mrna"
"feature_response_scatter.R","top_1","plotted","purine_ratio",,"purine_ratio_cds","cds"
"feature_response_scatter.R","top_1","plotted","rnafold_per_nt",,"rnafold_per_nt_5utr","5utr"
"feature_response_scatter.R","top_1","plotted","rnafold_scores",,"rnafold_score_cds","cds"
"feature_response_scatter.R","top_1","plotted","rnafold_zscores",,"rnafold_zscore_mrna","mrna"
"feature_response_scatter.R","top_1","plotted","rnalfold_scores",,"rnalfold_score_5utr","5utr"
"feature_response_scatter.R","top_1","plotted","rnalfold_zscores",,"rnalfold_zscore_mrna","mrna"
"feature_response_scatter.R","top_1","plotted","stopfree",,"stopfree_length_mrna","mrna"
"feature_response_scatter.R","top_1","plotted","uorf_present",,"uorf_present_mrna","mrna"
"feature_response_scatter.R","top_1","selected","aa_freqs","aa_s_cds",,
"feature_response_scatter.R","top_1","selected","aa_freqs","aa_v_cds",,
"feature_response_scatter.R","top_1","selected","amino_ratio","amino_ratio_3utr",,
"feature_response_scatter.R","top_1","selected","amino_ratio","amino_ratio_5utr",,
"feature_response_scatter.R","top_1","selected","amino_ratio","amino_ratio_cds",,
"feature_response_scatter.R","top_1","selected","amino_ratio","amino_ratio_last100",,
"feature_response_scatter.R","top_1","selected","amino_ratio","amino_ratio_mrna",,
"feature_response_scatter.R","top_1","selected","amino_ratio","amino_ratio_start",,
"feature_response_scatter.R","top_1","selected","amino_ratio","amino_ratio_stop",,
"feature_response_scatter.R","top_1","selected","at_skew","at_skew_3utr",,
"feature_response_scatter.R","top_1","selected","at_skew","at_skew_5utr",,
"feature_response_scatter.R","top_1","selected","at_skew","at_skew_cds",,
"feature_response_scatter.R","top_1","selected","at_skew","at_skew_last100",,
"feature_response_scatter.R","top_1","selected","at_skew","at_skew_mrna",,
"feature_response_scatter.R","top_1","selected","at_skew","at_skew_start",,
"feature_response_scatter.R","top_1","selected","at_skew","at_skew_stop",,
"feature_response_scatter.R","top_1","selected","cai","cai_cds",,
"feature_response_scatter.R","top_1","selected","codon_freqs","codon_agu_cds",,
"feature_response_scatter.R","top_1","selected","codon_freqs","codon_uca_cds",,
"feature_response_scatter.R","top_1","selected","eej_dist_closest","eej_dist_closest_start",,
"feature_response_scatter.R","top_1","selected","eej_dist_closest","eej_dist_closest_stop",,
"feature_response_scatter.R","top_1","selected","exon_density","exon_density_mrna",,
"feature_response_scatter.R","top_1","selected","gc","gc_content_3utr",,
"feature_response_scatter.R","top_1","selected","gc","gc_content_5utr",,
"feature_response_scatter.R","top_1","selected","gc","gc_content_cds",,
"feature_response_scatter.R","top_1","selected","gc","gc_content_last100",,
"feature_response_scatter.R","top_1","selected","gc","gc_content_mrna",,
"feature_response_scatter.R","top_1","selected","gc","gc_content_start",,
"feature_response_scatter.R","top_1","selected","gc","gc_content_stop",,
"feature_response_scatter.R","top_1","selected","gc_skew","gc_skew_3utr",,
"feature_response_scatter.R","top_1","selected","gc_skew","gc_skew_5utr",,
"feature_response_scatter.R","top_1","selected","gc_skew","gc_skew_cds",,
"feature_response_scatter.R","top_1","selected","gc_skew","gc_skew_last100",,
"feature_response_scatter.R","top_1","selected","gc_skew","gc_skew_mrna",,
"feature_response_scatter.R","top_1","selected","gc_skew","gc_skew_start",,
"feature_response_scatter.R","top_1","selected","gc_skew","gc_skew_stop",,
"feature_response_scatter.R","top_1","selected","lengths","length_3utr",,
"feature_response_scatter.R","top_1","selected","lengths","length_5utr",,
"feature_response_scatter.R","top_1","selected","lengths","length_cds",,
"feature_response_scatter.R","top_1","selected","lengths","length_mrna",,
"feature_response_scatter.R","top_1","selected","mfe_deltas","mfe_delta_3utr",,
"feature_response_scatter.R","top_1","selected","mfe_deltas","mfe_delta_5utr",,
"feature_response_scatter.R","top_1","selected","mfe_deltas","mfe_delta_cds",,
"feature_response_scatter.R","top_1","selected","mfe_deltas","mfe_delta_last100",,
"feature_response_scatter.R","top_1","selected","mfe_deltas","mfe_delta_mrna",,
"feature_response_scatter.R","top_1","selected","mfe_deltas","mfe_delta_start",,
"feature_response_scatter.R","top_1","selected","mfe_deltas","mfe_delta_stop",,
"feature_response_scatter.R","top_1","selected","mfe_expected","mfe_expected_3utr",,
"feature_response_scatter.R","top_1","selected","mfe_expected","mfe_expected_5utr",,
"feature_response_scatter.R","top_1","selected","mfe_expected","mfe_expected_cds",,
"feature_response_scatter.R","top_1","selected","mfe_expected","mfe_expected_last100",,
"feature_response_scatter.R","top_1","selected","mfe_expected","mfe_expected_mrna",,
"feature_response_scatter.R","top_1","selected","mfe_expected","mfe_expected_start",,
"feature_response_scatter.R","top_1","selected","mfe_expected","mfe_expected_stop",,
"feature_response_scatter.R","top_1","selected","nmd_alt_stop","nmd_alt_stop_codon_density_mrna",,
"feature_response_scatter.R","top_1","selected","nmd_snv_fragile","nmd_snv_fragile_codon_density_mrna",,
"feature_response_scatter.R","top_1","selected","nuc_ratios","frac_a_3utr",,
"feature_response_scatter.R","top_1","selected","nuc_ratios","frac_a_5utr",,
"feature_response_scatter.R","top_1","selected","nuc_ratios","frac_a_cds",,
"feature_response_scatter.R","top_1","selected","nuc_ratios","frac_a_last100",,
"feature_response_scatter.R","top_1","selected","nuc_ratios","frac_a_mrna",,
"feature_response_scatter.R","top_1","selected","nuc_ratios","frac_a_start",,
"feature_response_scatter.R","top_1","selected","nuc_ratios","frac_a_stop",,
"feature_response_scatter.R","top_1","selected","nuc_ratios","frac_c_3utr",,
"feature_response_scatter.R","top_1","selected","nuc_ratios","frac_c_5utr",,
"feature_response_scatter.R","top_1","selected","nuc_ratios","frac_c_cds",,
"feature_response_scatter.R","top_1","selected","nuc_ratios","frac_c_last100",,
"feature_response_scatter.R","top_1","selected","nuc_ratios","frac_c_mrna",,
"feature_response_scatter.R","top_1","selected","nuc_ratios","frac_c_start",,
"feature_response_scatter.R","top_1","selected","nuc_ratios","frac_c_stop",,
"feature_response_scatter.R","top_1","selected","nuc_ratios","frac_g_3utr",,
"feature_response_scatter.R","top_1","selected","nuc_ratios","frac_g_5utr",,
"feature_response_scatter.R","top_1","selected","nuc_ratios","frac_g_cds",,
"feature_response_scatter.R","top_1","selected","nuc_ratios","frac_g_last100",,
"feature_response_scatter.R","top_1","selected","nuc_ratios","frac_g_mrna",,
"feature_response_scatter.R","top_1","selected","nuc_ratios","frac_g_start",,
"feature_response_scatter.R","top_1","selected","nuc_ratios","frac_g_stop",,
"feature_response_scatter.R","top_1","selected","nuc_ratios","frac_u_3utr",,
"feature_response_scatter.R","top_1","selected","nuc_ratios","frac_u_5utr",,
"feature_response_scatter.R","top_1","selected","nuc_ratios","frac_u_cds",,
"feature_response_scatter.R","top_1","selected","nuc_ratios","frac_u_last100",,
"feature_response_scatter.R","top_1","selected","nuc_ratios","frac_u_mrna",,
"feature_response_scatter.R","top_1","selected","nuc_ratios","frac_u_start",,
"feature_response_scatter.R","top_1","selected","nuc_ratios","frac_u_stop",,
"feature_response_scatter.R","top_1","selected","probing","gini_cytoplasm_3utr",,
"feature_response_scatter.R","top_1","selected","probing","gini_cytoplasm_5utr",,
"feature_response_scatter.R","top_1","selected","probing","gini_cytoplasm_cds",,
"feature_response_scatter.R","top_1","selected","probing","gini_cytoplasm_mrna",,
"feature_response_scatter.R","top_1","selected","purine_ratio","purine_ratio_3utr",,
"feature_response_scatter.R","top_1","selected","purine_ratio","purine_ratio_5utr",,
"feature_response_scatter.R","top_1","selected","purine_ratio","purine_ratio_cds",,
"feature_response_scatter.R","top_1","selected","purine_ratio","purine_ratio_last100",,
"feature_response_scatter.R","top_1","selected","purine_ratio","purine_ratio_mrna",,
"feature_response_scatter.R","top_1","selected","purine_ratio","purine_ratio_start",,
"feature_response_scatter.R","top_1","selected","purine_ratio","purine_ratio_stop",,
"feature_response_scatter.R","top_1","selected","rnafold_per_nt","rnafold_per_nt_3utr",,
"feature_response_scatter.R","top_1","selected","rnafold_per_nt","rnafold_per_nt_5utr",,
"feature_response_scatter.R","top_1","selected","rnafold_per_nt","rnafold_per_nt_cds",,
"feature_response_scatter.R","top_1","selected","rnafold_per_nt","rnafold_per_nt_last100",,
"feature_response_scatter.R","top_1","selected","rnafold_per_nt","rnafold_per_nt_mrna",,
"feature_response_scatter.R","top_1","selected","rnafold_per_nt","rnafold_per_nt_start",,
"feature_response_scatter.R","top_1","selected","rnafold_per_nt","rnafold_per_nt_stop",,
"feature_response_scatter.R","top_1","selected","rnafold_scores","rnafold_score_3utr",,
"feature_response_scatter.R","top_1","selected","rnafold_scores","rnafold_score_5utr",,
"feature_response_scatter.R","top_1","selected","rnafold_scores","rnafold_score_cds",,
"feature_response_scatter.R","top_1","selected","rnafold_scores","rnafold_score_last100",,
"feature_response_scatter.R","top_1","selected","rnafold_scores","rnafold_score_mrna",,
"feature_response_scatter.R","top_1","selected","rnafold_scores","rnafold_score_start",,
"feature_response_scatter.R","top_1","selected","rnafold_scores","rnafold_score_stop",,
"feature_response_scatter.R","top_1","selected","rnafold_scores","rnafold_score_utrpair",,
"feature_response_scatter.R","top_1","selected","rnafold_zscores","rnafold_zscore_3utr",,
"feature_response_scatter.R","top_1","selected","rnafold_zscores","rnafold_zscore_5utr",,
"feature_response_scatter.R","top_1","selected","rnafold_zscores","rnafold_zscore_cds",,
"feature_response_scatter.R","top_1","selected","rnafold_zscores","rnafold_zscore_last100",,
"feature_response_scatter.R","top_1","selected","rnafold_zscores","rnafold_zscore_mrna",,
"feature_response_scatter.R","top_1","selected","rnafold_zscores","rnafold_zscore_start",,
"feature_response_scatter.R","top_1","selected","rnafold_zscores","rnafold_zscore_stop",,
"feature_response_scatter.R","top_1","selected","rnafold_zscores","rnafold_zscore_utrpair",,
"feature_response_scatter.R","top_1","selected","rnalfold_scores","rnalfold_score_3utr",,
"feature_response_scatter.R","top_1","selected","rnalfold_scores","rnalfold_score_5utr",,
"feature_response_scatter.R","top_1","selected","rnalfold_scores","rnalfold_score_cds",,
"feature_response_scatter.R","top_1","selected","rnalfold_scores","rnalfold_score_last100",,
"feature_response_scatter.R","top_1","selected","rnalfold_scores","rnalfold_score_mrna",,
"feature_response_scatter.R","top_1","selected","rnalfold_scores","rnalfold_score_start",,
"feature_response_scatter.R","top_1","selected","rnalfold_scores","rnalfold_score_stop",,
"feature_response_scatter.R","top_1","selected","rnalfold_zscores","rnalfold_zscore_3utr",,
"feature_response_scatter.R","top_1","selected","rnalfold_zscores","rnalfold_zscore_5utr",,
"feature_response_scatter.R","top_1","selected","rnalfold_zscores","rnalfold_zscore_cds",,
"feature_response_scatter.R","top_1","selected","rnalfold_zscores","rnalfold_zscore_last100",,
"feature_response_scatter.R","top_1","selected","rnalfold_zscores","rnalfold_zscore_mrna",,
"feature_response_scatter.R","top_1","selected","rnalfold_zscores","rnalfold_zscore_start",,
"feature_response_scatter.R","top_1","selected","rnalfold_zscores","rnalfold_zscore_stop",,
"feature_response_scatter.R","top_1","selected","stopfree","stopfree_length_3utr",,
"feature_response_scatter.R","top_1","selected","stopfree","stopfree_length_5utr",,
"feature_response_scatter.R","top_1","selected","stopfree","stopfree_length_cds",,
"feature_response_scatter.R","top_1","selected","stopfree","stopfree_length_mrna",,
"feature_response_scatter.R","top_1","selected","uorf_present","uorf_present_mrna",,
"feature_response_scatter.R","top_3","plotted","aa_freqs",,"aa_s_cds","cds"
"feature_response_scatter.R","top_3","plotted","aa_freqs",,"aa_v_cds","cds"
"feature_response_scatter.R","top_3","plotted","amino_ratio",,"amino_ratio_3utr","3utr"
"feature_response_scatter.R","top_3","plotted","amino_ratio",,"amino_ratio_cds","cds"
"feature_response_scatter.R","top_3","plotted","amino_ratio",,"amino_ratio_mrna","mrna"
"feature_response_scatter.R","top_3","plotted","at_skew",,"at_skew_3utr","3utr"
"feature_response_scatter.R","top_3","plotted","at_skew",,"at_skew_cds","cds"
"feature_response_scatter.R","top_3","plotted","at_skew",,"at_skew_mrna","mrna"
"feature_response_scatter.R","top_3","plotted","cai",,"cai","cds"
"feature_response_scatter.R","top_3","plotted","codon_freqs",,"codon_agu_cds","cds"
"feature_response_scatter.R","top_3","plotted","codon_freqs",,"codon_uca_cds","cds"
"feature_response_scatter.R","top_3","plotted","eej_dist_closest",,"eej_dist_closest_start","start"
"feature_response_scatter.R","top_3","plotted","eej_dist_closest",,"eej_dist_closest_stop","stop"
"feature_response_scatter.R","top_3","plotted","exon_density",,"exon_density_mrna","mrna"
"feature_response_scatter.R","top_3","plotted","gc",,"gc_content_3utr","3utr"
"feature_response_scatter.R","top_3","plotted","gc",,"gc_content_last100","last100"
"feature_response_scatter.R","top_3","plotted","gc",,"gc_content_mrna","mrna"
"feature_response_scatter.R","top_3","plotted","gc_skew",,"gc_skew_3utr","3utr"
"feature_response_scatter.R","top_3","plotted","gc_skew",,"gc_skew_cds","cds"
"feature_response_scatter.R","top_3","plotted","gc_skew",,"gc_skew_mrna","mrna"
"feature_response_scatter.R","top_3","plotted","lengths",,"length_5utr","5utr"
"feature_response_scatter.R","top_3","plotted","lengths",,"length_cds","cds"
"feature_response_scatter.R","top_3","plotted","lengths",,"length_mrna","mrna"
"feature_response_scatter.R","top_3","plotted","mfe_deltas",,"mfe_delta_3utr","3utr"
"feature_response_scatter.R","top_3","plotted","mfe_deltas",,"mfe_delta_cds","cds"
"feature_response_scatter.R","top_3","plotted","mfe_deltas",,"mfe_delta_mrna","mrna"
"feature_response_scatter.R","top_3","plotted","mfe_expected",,"mfe_expected_5utr","5utr"
"feature_response_scatter.R","top_3","plotted","mfe_expected",,"mfe_expected_cds","cds"
"feature_response_scatter.R","top_3","plotted","mfe_expected",,"mfe_expected_mrna","mrna"
"feature_response_scatter.R","top_3","plotted","nmd_alt_stop",,"nmd_alt_stop_codon_density_mrna","mrna"
"feature_response_scatter.R","top_3","plotted","nmd_snv_fragile",,"nmd_snv_fragile_codon_density_mrna","mrna"
"feature_response_scatter.R","top_3","plotted","nuc_ratios",,"frac_g_mrna","mrna"
"feature_response_scatter.R","top_3","plotted","nuc_ratios",,"frac_u_3utr","3utr"
"feature_response_scatter.R","top_3","plotted","nuc_ratios",,"frac_u_mrna","mrna"
"feature_response_scatter.R","top_3","plotted","probing",,"gini_cytoplasm_3utr","3utr"
"feature_response_scatter.R","top_3","plotted","probing",,"gini_cytoplasm_cds","cds"
"feature_response_scatter.R","top_3","plotted","probing",,"gini_cytoplasm_mrna","mrna"
"feature_response_scatter.R","top_3","plotted","purine_ratio",,"purine_ratio_3utr","3utr"
"feature_response_scatter.R","top_3","plotted","purine_ratio",,"purine_ratio_5utr","5utr"
"feature_response_scatter.R","top_3","plotted","purine_ratio",,"purine_ratio_cds","cds"
"feature_response_scatter.R","top_3","plotted","rnafold_per_nt",,"rnafold_per_nt_5utr","5utr"
"feature_response_scatter.R","top_3","plotted","rnafold_per_nt",,"rnafold_per_nt_cds","cds"
"feature_response_scatter.R","top_3","plotted","rnafold_per_nt",,"rnafold_per_nt_mrna","mrna"
"feature_response_scatter.R","top_3","plotted","rnafold_scores",,"rnafold_score_5utr","5utr"
"feature_response_scatter.R","top_3","plotted","rnafold_scores",,"rnafold_score_cds","cds"
"feature_response_scatter.R","top_3","plotted","rnafold_scores",,"rnafold_score_utrpair","utrpair"
"feature_response_scatter.R","top_3","plotted","rnafold_zscores",,"rnafold_zscore_3utr","3utr"
"feature_response_scatter.R","top_3","plotted","rnafold_zscores",,"rnafold_zscore_mrna","mrna"
"feature_response_scatter.R","top_3","plotted","rnafold_zscores",,"rnafold_zscore_utrpair","utrpair"
"feature_response_scatter.R","top_3","plotted","rnalfold_scores",,"rnalfold_score_5utr","5utr"
"feature_response_scatter.R","top_3","plotted","rnalfold_scores",,"rnalfold_score_cds","cds"
"feature_response_scatter.R","top_3","plotted","rnalfold_scores",,"rnalfold_score_mrna","mrna"
"feature_response_scatter.R","top_3","plotted","rnalfold_zscores",,"rnalfold_zscore_3utr","3utr"
"feature_response_scatter.R","top_3","plotted","rnalfold_zscores",,"rnalfold_zscore_5utr","5utr"
"feature_response_scatter.R","top_3","plotted","rnalfold_zscores",,"rnalfold_zscore_mrna","mrna"
"feature_response_scatter.R","top_3","plotted","stopfree",,"stopfree_length_5utr","5utr"
"feature_response_scatter.R","top_3","plotted","stopfree",,"stopfree_length_cds","cds"
"feature_response_scatter.R","top_3","plotted","stopfree",,"stopfree_length_mrna","mrna"
"feature_response_scatter.R","top_3","plotted","uorf_present",,"uorf_present_mrna","mrna"
"feature_response_scatter.R","top_3","selected","aa_freqs","aa_s_cds",,
"feature_response_scatter.R","top_3","selected","aa_freqs","aa_v_cds",,
"feature_response_scatter.R","top_3","selected","amino_ratio","amino_ratio_3utr",,
"feature_response_scatter.R","top_3","selected","amino_ratio","amino_ratio_5utr",,
"feature_response_scatter.R","top_3","selected","amino_ratio","amino_ratio_cds",,
"feature_response_scatter.R","top_3","selected","amino_ratio","amino_ratio_last100",,
"feature_response_scatter.R","top_3","selected","amino_ratio","amino_ratio_mrna",,
"feature_response_scatter.R","top_3","selected","amino_ratio","amino_ratio_start",,
"feature_response_scatter.R","top_3","selected","amino_ratio","amino_ratio_stop",,
"feature_response_scatter.R","top_3","selected","at_skew","at_skew_3utr",,
"feature_response_scatter.R","top_3","selected","at_skew","at_skew_5utr",,
"feature_response_scatter.R","top_3","selected","at_skew","at_skew_cds",,
"feature_response_scatter.R","top_3","selected","at_skew","at_skew_last100",,
"feature_response_scatter.R","top_3","selected","at_skew","at_skew_mrna",,
"feature_response_scatter.R","top_3","selected","at_skew","at_skew_start",,
"feature_response_scatter.R","top_3","selected","at_skew","at_skew_stop",,
"feature_response_scatter.R","top_3","selected","cai","cai_cds",,
"feature_response_scatter.R","top_3","selected","codon_freqs","codon_agu_cds",,
"feature_response_scatter.R","top_3","selected","codon_freqs","codon_uca_cds",,
"feature_response_scatter.R","top_3","selected","eej_dist_closest","eej_dist_closest_start",,
"feature_response_scatter.R","top_3","selected","eej_dist_closest","eej_dist_closest_stop",,
"feature_response_scatter.R","top_3","selected","exon_density","exon_density_mrna",,
"feature_response_scatter.R","top_3","selected","gc","gc_content_3utr",,
"feature_response_scatter.R","top_3","selected","gc","gc_content_5utr",,
"feature_response_scatter.R","top_3","selected","gc","gc_content_cds",,
"feature_response_scatter.R","top_3","selected","gc","gc_content_last100",,
"feature_response_scatter.R","top_3","selected","gc","gc_content_mrna",,
"feature_response_scatter.R","top_3","selected","gc","gc_content_start",,
"feature_response_scatter.R","top_3","selected","gc","gc_content_stop",,
"feature_response_scatter.R","top_3","selected","gc_skew","gc_skew_3utr",,
"feature_response_scatter.R","top_3","selected","gc_skew","gc_skew_5utr",,
"feature_response_scatter.R","top_3","selected","gc_skew","gc_skew_cds",,
"feature_response_scatter.R","top_3","selected","gc_skew","gc_skew_last100",,
"feature_response_scatter.R","top_3","selected","gc_skew","gc_skew_mrna",,
"feature_response_scatter.R","top_3","selected","gc_skew","gc_skew_start",,
"feature_response_scatter.R","top_3","selected","gc_skew","gc_skew_stop",,
"feature_response_scatter.R","top_3","selected","lengths","length_3utr",,
"feature_response_scatter.R","top_3","selected","lengths","length_5utr",,
"feature_response_scatter.R","top_3","selected","lengths","length_cds",,
"feature_response_scatter.R","top_3","selected","lengths","length_mrna",,
"feature_response_scatter.R","top_3","selected","mfe_deltas","mfe_delta_3utr",,
"feature_response_scatter.R","top_3","selected","mfe_deltas","mfe_delta_5utr",,
"feature_response_scatter.R","top_3","selected","mfe_deltas","mfe_delta_cds",,
"feature_response_scatter.R","top_3","selected","mfe_deltas","mfe_delta_last100",,
"feature_response_scatter.R","top_3","selected","mfe_deltas","mfe_delta_mrna",,
"feature_response_scatter.R","top_3","selected","mfe_deltas","mfe_delta_start",,
"feature_response_scatter.R","top_3","selected","mfe_deltas","mfe_delta_stop",,
"feature_response_scatter.R","top_3","selected","mfe_expected","mfe_expected_3utr",,
"feature_response_scatter.R","top_3","selected","mfe_expected","mfe_expected_5utr",,
"feature_response_scatter.R","top_3","selected","mfe_expected","mfe_expected_cds",,
"feature_response_scatter.R","top_3","selected","mfe_expected","mfe_expected_last100",,
"feature_response_scatter.R","top_3","selected","mfe_expected","mfe_expected_mrna",,
"feature_response_scatter.R","top_3","selected","mfe_expected","mfe_expected_start",,
"feature_response_scatter.R","top_3","selected","mfe_expected","mfe_expected_stop",,
"feature_response_scatter.R","top_3","selected","nmd_alt_stop","nmd_alt_stop_codon_density_mrna",,
"feature_response_scatter.R","top_3","selected","nmd_snv_fragile","nmd_snv_fragile_codon_density_mrna",,
"feature_response_scatter.R","top_3","selected","nuc_ratios","frac_a_3utr",,
"feature_response_scatter.R","top_3","selected","nuc_ratios","frac_a_5utr",,
"feature_response_scatter.R","top_3","selected","nuc_ratios","frac_a_cds",,
"feature_response_scatter.R","top_3","selected","nuc_ratios","frac_a_last100",,
"feature_response_scatter.R","top_3","selected","nuc_ratios","frac_a_mrna",,
"feature_response_scatter.R","top_3","selected","nuc_ratios","frac_a_start",,
"feature_response_scatter.R","top_3","selected","nuc_ratios","frac_a_stop",,
"feature_response_scatter.R","top_3","selected","nuc_ratios","frac_c_3utr",,
"feature_response_scatter.R","top_3","selected","nuc_ratios","frac_c_5utr",,
"feature_response_scatter.R","top_3","selected","nuc_ratios","frac_c_cds",,
"feature_response_scatter.R","top_3","selected","nuc_ratios","frac_c_last100",,
"feature_response_scatter.R","top_3","selected","nuc_ratios","frac_c_mrna",,
"feature_response_scatter.R","top_3","selected","nuc_ratios","frac_c_start",,
"feature_response_scatter.R","top_3","selected","nuc_ratios","frac_c_stop",,
"feature_response_scatter.R","top_3","selected","nuc_ratios","frac_g_3utr",,
"feature_response_scatter.R","top_3","selected","nuc_ratios","frac_g_5utr",,
"feature_response_scatter.R","top_3","selected","nuc_ratios","frac_g_cds",,
"feature_response_scatter.R","top_3","selected","nuc_ratios","frac_g_last100",,
"feature_response_scatter.R","top_3","selected","nuc_ratios","frac_g_mrna",,
"feature_response_scatter.R","top_3","selected","nuc_ratios","frac_g_start",,
"feature_response_scatter.R","top_3","selected","nuc_ratios","frac_g_stop",,
"feature_response_scatter.R","top_3","selected","nuc_ratios","frac_u_3utr",,
"feature_response_scatter.R","top_3","selected","nuc_ratios","frac_u_5utr",,
"feature_response_scatter.R","top_3","selected","nuc_ratios","frac_u_cds",,
"feature_response_scatter.R","top_3","selected","nuc_ratios","frac_u_last100",,
"feature_response_scatter.R","top_3","selected","nuc_ratios","frac_u_mrna",,
"feature_response_scatter.R","top_3","selected","nuc_ratios","frac_u_start",,
"feature_response_scatter.R","top_3","selected","nuc_ratios","frac_u_stop",,
"feature_response_scatter.R","top_3","selected","probing","gini_cytoplasm_3utr",,
"feature_response_scatter.R","top_3","selected","probing","gini_cytoplasm_5utr",,
"feature_response_scatter.R","top_3","selected","probing","gini_cytoplasm_cds",,
"feature_response_scatter.R","top_3","selected","probing","gini_cytoplasm_mrna",,
"feature_response_scatter.R","top_3","selected","purine_ratio","purine_ratio_3utr",,
"feature_response_scatter.R","top_3","selected","purine_ratio","purine_ratio_5utr",,
"feature_response_scatter.R","top_3","selected","purine_ratio","purine_ratio_cds",,
"feature_response_scatter.R","top_3","selected","purine_ratio","purine_ratio_last100",,
"feature_response_scatter.R","top_3","selected","purine_ratio","purine_ratio_mrna",,
"feature_response_scatter.R","top_3","selected","purine_ratio","purine_ratio_start",,
"feature_response_scatter.R","top_3","selected","purine_ratio","purine_ratio_stop",,
"feature_response_scatter.R","top_3","selected","rnafold_per_nt","rnafold_per_nt_3utr",,
"feature_response_scatter.R","top_3","selected","rnafold_per_nt","rnafold_per_nt_5utr",,
"feature_response_scatter.R","top_3","selected","rnafold_per_nt","rnafold_per_nt_cds",,
"feature_response_scatter.R","top_3","selected","rnafold_per_nt","rnafold_per_nt_last100",,
"feature_response_scatter.R","top_3","selected","rnafold_per_nt","rnafold_per_nt_mrna",,
"feature_response_scatter.R","top_3","selected","rnafold_per_nt","rnafold_per_nt_start",,
"feature_response_scatter.R","top_3","selected","rnafold_per_nt","rnafold_per_nt_stop",,
"feature_response_scatter.R","top_3","selected","rnafold_scores","rnafold_score_3utr",,
"feature_response_scatter.R","top_3","selected","rnafold_scores","rnafold_score_5utr",,
"feature_response_scatter.R","top_3","selected","rnafold_scores","rnafold_score_cds",,
"feature_response_scatter.R","top_3","selected","rnafold_scores","rnafold_score_last100",,
"feature_response_scatter.R","top_3","selected","rnafold_scores","rnafold_score_mrna",,
"feature_response_scatter.R","top_3","selected","rnafold_scores","rnafold_score_start",,
"feature_response_scatter.R","top_3","selected","rnafold_scores","rnafold_score_stop",,
"feature_response_scatter.R","top_3","selected","rnafold_scores","rnafold_score_utrpair",,
"feature_response_scatter.R","top_3","selected","rnafold_zscores","rnafold_zscore_3utr",,
"feature_response_scatter.R","top_3","selected","rnafold_zscores","rnafold_zscore_5utr",,
"feature_response_scatter.R","top_3","selected","rnafold_zscores","rnafold_zscore_cds",,
"feature_response_scatter.R","top_3","selected","rnafold_zscores","rnafold_zscore_last100",,
"feature_response_scatter.R","top_3","selected","rnafold_zscores","rnafold_zscore_mrna",,
"feature_response_scatter.R","top_3","selected","rnafold_zscores","rnafold_zscore_start",,
"feature_response_scatter.R","top_3","selected","rnafold_zscores","rnafold_zscore_stop",,
"feature_response_scatter.R","top_3","selected","rnafold_zscores","rnafold_zscore_utrpair",,
"feature_response_scatter.R","top_3","selected","rnalfold_scores","rnalfold_score_3utr",,
"feature_response_scatter.R","top_3","selected","rnalfold_scores","rnalfold_score_5utr",,
"feature_response_scatter.R","top_3","selected","rnalfold_scores","rnalfold_score_cds",,
"feature_response_scatter.R","top_3","selected","rnalfold_scores","rnalfold_score_last100",,
"feature_response_scatter.R","top_3","selected","rnalfold_scores","rnalfold_score_mrna",,
"feature_response_scatter.R","top_3","selected","rnalfold_scores","rnalfold_score_start",,
"feature_response_scatter.R","top_3","selected","rnalfold_scores","rnalfold_score_stop",,
"feature_response_scatter.R","top_3","selected","rnalfold_zscores","rnalfold_zscore_3utr",,
"feature_response_scatter.R","top_3","selected","rnalfold_zscores","rnalfold_zscore_5utr",,
"feature_response_scatter.R","top_3","selected","rnalfold_zscores","rnalfold_zscore_cds",,
"feature_response_scatter.R","top_3","selected","rnalfold_zscores","rnalfold_zscore_last100",,
"feature_response_scatter.R","top_3","selected","rnalfold_zscores","rnalfold_zscore_mrna",,
"feature_response_scatter.R","top_3","selected","rnalfold_zscores","rnalfold_zscore_start",,
"feature_response_scatter.R","top_3","selected","rnalfold_zscores","rnalfold_zscore_stop",,
"feature_response_scatter.R","top_3","selected","stopfree","stopfree_length_3utr",,
"feature_response_scatter.R","top_3","selected","stopfree","stopfree_length_5utr",,
"feature_response_scatter.R","top_3","selected","stopfree","stopfree_length_cds",,
"feature_response_scatter.R","top_3","selected","stopfree","stopfree_length_mrna",,
"feature_response_scatter.R","top_3","selected","uorf_present","uorf_present_mrna",,
"group_panel_sweep.R","sweep","selected","amino_ratio","amino_ratio_3utr",,
"group_panel_sweep.R","sweep","selected","amino_ratio","amino_ratio_5utr",,
"group_panel_sweep.R","sweep","selected","amino_ratio","amino_ratio_cds",,
"group_panel_sweep.R","sweep","selected","amino_ratio","amino_ratio_last100",,
"group_panel_sweep.R","sweep","selected","amino_ratio","amino_ratio_mrna",,
"group_panel_sweep.R","sweep","selected","amino_ratio","amino_ratio_start",,
"group_panel_sweep.R","sweep","selected","amino_ratio","amino_ratio_stop",,
"group_panel_sweep.R","sweep","selected","at_skew","at_skew_3utr",,
"group_panel_sweep.R","sweep","selected","at_skew","at_skew_5utr",,
"group_panel_sweep.R","sweep","selected","at_skew","at_skew_cds",,
"group_panel_sweep.R","sweep","selected","at_skew","at_skew_last100",,
"group_panel_sweep.R","sweep","selected","at_skew","at_skew_mrna",,
"group_panel_sweep.R","sweep","selected","at_skew","at_skew_start",,
"group_panel_sweep.R","sweep","selected","at_skew","at_skew_stop",,
"group_panel_sweep.R","sweep","selected","cai","cai_cds",,
"group_panel_sweep.R","sweep","selected","eej_dist_closest","eej_dist_closest_start",,
"group_panel_sweep.R","sweep","selected","eej_dist_closest","eej_dist_closest_stop",,
"group_panel_sweep.R","sweep","selected","exon_density","exon_density_mrna",,
"group_panel_sweep.R","sweep","selected","gc","gc_content_3utr",,
"group_panel_sweep.R","sweep","selected","gc","gc_content_5utr",,
"group_panel_sweep.R","sweep","selected","gc","gc_content_cds",,
"group_panel_sweep.R","sweep","selected","gc","gc_content_last100",,
"group_panel_sweep.R","sweep","selected","gc","gc_content_mrna",,
"group_panel_sweep.R","sweep","selected","gc","gc_content_start",,
"group_panel_sweep.R","sweep","selected","gc","gc_content_stop",,
"group_panel_sweep.R","sweep","selected","gc_skew","gc_skew_3utr",,
"group_panel_sweep.R","sweep","selected","gc_skew","gc_skew_5utr",,
"group_panel_sweep.R","sweep","selected","gc_skew","gc_skew_cds",,
"group_panel_sweep.R","sweep","selected","gc_skew","gc_skew_last100",,
"group_panel_sweep.R","sweep","selected","gc_skew","gc_skew_mrna",,
"group_panel_sweep.R","sweep","selected","gc_skew","gc_skew_start",,
"group_panel_sweep.R","sweep","selected","gc_skew","gc_skew_stop",,
"group_panel_sweep.R","sweep","selected","junction_density","junctions_density_3utr",,
"group_panel_sweep.R","sweep","selected","junction_density","junctions_density_5utr",,
"group_panel_sweep.R","sweep","selected","junction_density","junctions_density_cds",,
"group_panel_sweep.R","sweep","selected","junction_density","junctions_density_mrna",,
"group_panel_sweep.R","sweep","selected","lengths","length_3utr",,
"group_panel_sweep.R","sweep","selected","lengths","length_5utr",,
"group_panel_sweep.R","sweep","selected","lengths","length_cds",,
"group_panel_sweep.R","sweep","selected","lengths","length_mrna",,
"group_panel_sweep.R","sweep","selected","mfe_deltas","mfe_delta_3utr",,
"group_panel_sweep.R","sweep","selected","mfe_deltas","mfe_delta_5utr",,
"group_panel_sweep.R","sweep","selected","mfe_deltas","mfe_delta_cds",,
"group_panel_sweep.R","sweep","selected","mfe_deltas","mfe_delta_last100",,
"group_panel_sweep.R","sweep","selected","mfe_deltas","mfe_delta_mrna",,
"group_panel_sweep.R","sweep","selected","mfe_deltas","mfe_delta_start",,
"group_panel_sweep.R","sweep","selected","mfe_deltas","mfe_delta_stop",,
"group_panel_sweep.R","sweep","selected","mfe_expected","mfe_expected_3utr",,
"group_panel_sweep.R","sweep","selected","mfe_expected","mfe_expected_5utr",,
"group_panel_sweep.R","sweep","selected","mfe_expected","mfe_expected_cds",,
"group_panel_sweep.R","sweep","selected","mfe_expected","mfe_expected_last100",,
"group_panel_sweep.R","sweep","selected","mfe_expected","mfe_expected_mrna",,
"group_panel_sweep.R","sweep","selected","mfe_expected","mfe_expected_start",,
"group_panel_sweep.R","sweep","selected","mfe_expected","mfe_expected_stop",,
"group_panel_sweep.R","sweep","selected","nmd_alt_stop","nmd_alt_stop_codon_density_mrna",,
"group_panel_sweep.R","sweep","selected","nmd_snv_fragile","nmd_snv_fragile_codon_density_mrna",,
"group_panel_sweep.R","sweep","selected","nmd_transition","nmd_transition_fragile_codon_density_mrna",,
"group_panel_sweep.R","sweep","selected","nmd_transition_fraction","nmd_transition_fraction_of_snv_fragile_mrna",,
"group_panel_sweep.R","sweep","selected","nmd_transversion","nmd_transversion_fragile_codon_density_mrna",,
"group_panel_sweep.R","sweep","selected","nuc_ratios","frac_a_3utr",,
"group_panel_sweep.R","sweep","selected","nuc_ratios","frac_a_5utr",,
"group_panel_sweep.R","sweep","selected","nuc_ratios","frac_a_cds",,
"group_panel_sweep.R","sweep","selected","nuc_ratios","frac_a_last100",,
"group_panel_sweep.R","sweep","selected","nuc_ratios","frac_a_mrna",,
"group_panel_sweep.R","sweep","selected","nuc_ratios","frac_a_start",,
"group_panel_sweep.R","sweep","selected","nuc_ratios","frac_a_stop",,
"group_panel_sweep.R","sweep","selected","nuc_ratios","frac_c_3utr",,
"group_panel_sweep.R","sweep","selected","nuc_ratios","frac_c_5utr",,
"group_panel_sweep.R","sweep","selected","nuc_ratios","frac_c_cds",,
"group_panel_sweep.R","sweep","selected","nuc_ratios","frac_c_last100",,
"group_panel_sweep.R","sweep","selected","nuc_ratios","frac_c_mrna",,
"group_panel_sweep.R","sweep","selected","nuc_ratios","frac_c_start",,
"group_panel_sweep.R","sweep","selected","nuc_ratios","frac_c_stop",,
"group_panel_sweep.R","sweep","selected","nuc_ratios","frac_g_3utr",,
"group_panel_sweep.R","sweep","selected","nuc_ratios","frac_g_5utr",,
"group_panel_sweep.R","sweep","selected","nuc_ratios","frac_g_cds",,
"group_panel_sweep.R","sweep","selected","nuc_ratios","frac_g_last100",,
"group_panel_sweep.R","sweep","selected","nuc_ratios","frac_g_mrna",,
"group_panel_sweep.R","sweep","selected","nuc_ratios","frac_g_start",,
"group_panel_sweep.R","sweep","selected","nuc_ratios","frac_g_stop",,
"group_panel_sweep.R","sweep","selected","nuc_ratios","frac_u_3utr",,
"group_panel_sweep.R","sweep","selected","nuc_ratios","frac_u_5utr",,
"group_panel_sweep.R","sweep","selected","nuc_ratios","frac_u_cds",,
"group_panel_sweep.R","sweep","selected","nuc_ratios","frac_u_last100",,
"group_panel_sweep.R","sweep","selected","nuc_ratios","frac_u_mrna",,
"group_panel_sweep.R","sweep","selected","nuc_ratios","frac_u_start",,
"group_panel_sweep.R","sweep","selected","nuc_ratios","frac_u_stop",,
"group_panel_sweep.R","sweep","selected","probing","gini_cytoplasm_3utr",,
"group_panel_sweep.R","sweep","selected","probing","gini_cytoplasm_5utr",,
"group_panel_sweep.R","sweep","selected","probing","gini_cytoplasm_cds",,
"group_panel_sweep.R","sweep","selected","probing","gini_cytoplasm_mrna",,
"group_panel_sweep.R","sweep","selected","probing","gini_nucleoplasm_3utr",,
"group_panel_sweep.R","sweep","selected","probing","gini_nucleoplasm_5utr",,
"group_panel_sweep.R","sweep","selected","probing","gini_nucleoplasm_cds",,
"group_panel_sweep.R","sweep","selected","probing","gini_nucleoplasm_mrna",,
"group_panel_sweep.R","sweep","selected","purine_ratio","purine_ratio_3utr",,
"group_panel_sweep.R","sweep","selected","purine_ratio","purine_ratio_5utr",,
"group_panel_sweep.R","sweep","selected","purine_ratio","purine_ratio_cds",,
"group_panel_sweep.R","sweep","selected","purine_ratio","purine_ratio_last100",,
"group_panel_sweep.R","sweep","selected","purine_ratio","purine_ratio_mrna",,
"group_panel_sweep.R","sweep","selected","purine_ratio","purine_ratio_start",,
"group_panel_sweep.R","sweep","selected","purine_ratio","purine_ratio_stop",,
"group_panel_sweep.R","sweep","selected","rnafold_per_nt","rnafold_per_nt_3utr",,
"group_panel_sweep.R","sweep","selected","rnafold_per_nt","rnafold_per_nt_5utr",,
"group_panel_sweep.R","sweep","selected","rnafold_per_nt","rnafold_per_nt_cds",,
"group_panel_sweep.R","sweep","selected","rnafold_per_nt","rnafold_per_nt_last100",,
"group_panel_sweep.R","sweep","selected","rnafold_per_nt","rnafold_per_nt_mrna",,
"group_panel_sweep.R","sweep","selected","rnafold_per_nt","rnafold_per_nt_start",,
"group_panel_sweep.R","sweep","selected","rnafold_per_nt","rnafold_per_nt_stop",,
"group_panel_sweep.R","sweep","selected","rnafold_scores","rnafold_score_3utr",,
"group_panel_sweep.R","sweep","selected","rnafold_scores","rnafold_score_5utr",,
"group_panel_sweep.R","sweep","selected","rnafold_scores","rnafold_score_cds",,
"group_panel_sweep.R","sweep","selected","rnafold_scores","rnafold_score_last100",,
"group_panel_sweep.R","sweep","selected","rnafold_scores","rnafold_score_mrna",,
"group_panel_sweep.R","sweep","selected","rnafold_scores","rnafold_score_start",,
"group_panel_sweep.R","sweep","selected","rnafold_scores","rnafold_score_stop",,
"group_panel_sweep.R","sweep","selected","rnafold_scores","rnafold_score_utrpair",,
"group_panel_sweep.R","sweep","selected","rnafold_zscores","rnafold_zscore_3utr",,
"group_panel_sweep.R","sweep","selected","rnafold_zscores","rnafold_zscore_5utr",,
"group_panel_sweep.R","sweep","selected","rnafold_zscores","rnafold_zscore_cds",,
"group_panel_sweep.R","sweep","selected","rnafold_zscores","rnafold_zscore_last100",,
"group_panel_sweep.R","sweep","selected","rnafold_zscores","rnafold_zscore_mrna",,
"group_panel_sweep.R","sweep","selected","rnafold_zscores","rnafold_zscore_start",,
"group_panel_sweep.R","sweep","selected","rnafold_zscores","rnafold_zscore_stop",,
"group_panel_sweep.R","sweep","selected","rnafold_zscores","rnafold_zscore_utrpair",,
"group_panel_sweep.R","sweep","selected","rnalfold_scores","rnalfold_score_3utr",,
"group_panel_sweep.R","sweep","selected","rnalfold_scores","rnalfold_score_5utr",,
"group_panel_sweep.R","sweep","selected","rnalfold_scores","rnalfold_score_cds",,
"group_panel_sweep.R","sweep","selected","rnalfold_scores","rnalfold_score_last100",,
"group_panel_sweep.R","sweep","selected","rnalfold_scores","rnalfold_score_mrna",,
"group_panel_sweep.R","sweep","selected","rnalfold_scores","rnalfold_score_start",,
"group_panel_sweep.R","sweep","selected","rnalfold_scores","rnalfold_score_stop",,
"group_panel_sweep.R","sweep","selected","rnalfold_zscores","rnalfold_zscore_3utr",,
"group_panel_sweep.R","sweep","selected","rnalfold_zscores","rnalfold_zscore_5utr",,
"group_panel_sweep.R","sweep","selected","rnalfold_zscores","rnalfold_zscore_cds",,
"group_panel_sweep.R","sweep","selected","rnalfold_zscores","rnalfold_zscore_last100",,
"group_panel_sweep.R","sweep","selected","rnalfold_zscores","rnalfold_zscore_mrna",,
"group_panel_sweep.R","sweep","selected","rnalfold_zscores","rnalfold_zscore_start",,
"group_panel_sweep.R","sweep","selected","rnalfold_zscores","rnalfold_zscore_stop",,
"group_panel_sweep.R","sweep","selected","stopfree","stopfree_length_3utr",,
"group_panel_sweep.R","sweep","selected","stopfree","stopfree_length_5utr",,
"group_panel_sweep.R","sweep","selected","stopfree","stopfree_length_cds",,
"group_panel_sweep.R","sweep","selected","stopfree","stopfree_length_mrna",,
"group_panel_sweep.R","sweep","selected","te","translation_efficiency",,
"group_panel_sweep.R","sweep","selected","uorf_present","uorf_present_mrna",,
"region_feature_heatmap.R","included","selected","aa_freqs","aa_s_cds",,
"region_feature_heatmap.R","included","selected","aa_freqs","aa_v_cds",,
"region_feature_heatmap.R","included","selected","amino_ratio","amino_ratio_3utr",,
"region_feature_heatmap.R","included","selected","amino_ratio","amino_ratio_5utr",,
"region_feature_heatmap.R","included","selected","amino_ratio","amino_ratio_cds",,
"region_feature_heatmap.R","included","selected","amino_ratio","amino_ratio_last100",,
"region_feature_heatmap.R","included","selected","amino_ratio","amino_ratio_mrna",,
"region_feature_heatmap.R","included","selected","amino_ratio","amino_ratio_start",,
"region_feature_heatmap.R","included","selected","amino_ratio","amino_ratio_stop",,
"region_feature_heatmap.R","included","selected","at_skew","at_skew_3utr",,
"region_feature_heatmap.R","included","selected","at_skew","at_skew_5utr",,
"region_feature_heatmap.R","included","selected","at_skew","at_skew_cds",,
"region_feature_heatmap.R","included","selected","at_skew","at_skew_last100",,
"region_feature_heatmap.R","included","selected","at_skew","at_skew_mrna",,
"region_feature_heatmap.R","included","selected","at_skew","at_skew_start",,
"region_feature_heatmap.R","included","selected","at_skew","at_skew_stop",,
"region_feature_heatmap.R","included","selected","cai","cai_cds",,
"region_feature_heatmap.R","included","selected","codon_freqs","codon_agu_cds",,
"region_feature_heatmap.R","included","selected","codon_freqs","codon_uca_cds",,
"region_feature_heatmap.R","included","selected","eej_dist_closest","eej_dist_closest_start",,
"region_feature_heatmap.R","included","selected","eej_dist_closest","eej_dist_closest_stop",,
"region_feature_heatmap.R","included","selected","exon_density","exon_density_mrna",,
"region_feature_heatmap.R","included","selected","gc","gc_content_3utr",,
"region_feature_heatmap.R","included","selected","gc","gc_content_5utr",,
"region_feature_heatmap.R","included","selected","gc","gc_content_cds",,
"region_feature_heatmap.R","included","selected","gc","gc_content_last100",,
"region_feature_heatmap.R","included","selected","gc","gc_content_mrna",,
"region_feature_heatmap.R","included","selected","gc","gc_content_start",,
"region_feature_heatmap.R","included","selected","gc","gc_content_stop",,
"region_feature_heatmap.R","included","selected","gc_skew","gc_skew_3utr",,
"region_feature_heatmap.R","included","selected","gc_skew","gc_skew_5utr",,
"region_feature_heatmap.R","included","selected","gc_skew","gc_skew_cds",,
"region_feature_heatmap.R","included","selected","gc_skew","gc_skew_last100",,
"region_feature_heatmap.R","included","selected","gc_skew","gc_skew_mrna",,
"region_feature_heatmap.R","included","selected","gc_skew","gc_skew_start",,
"region_feature_heatmap.R","included","selected","gc_skew","gc_skew_stop",,
"region_feature_heatmap.R","included","selected","lengths","length_3utr",,
"region_feature_heatmap.R","included","selected","lengths","length_5utr",,
"region_feature_heatmap.R","included","selected","lengths","length_cds",,
"region_feature_heatmap.R","included","selected","lengths","length_mrna",,
"region_feature_heatmap.R","included","selected","mfe_deltas","mfe_delta_3utr",,
"region_feature_heatmap.R","included","selected","mfe_deltas","mfe_delta_5utr",,
"region_feature_heatmap.R","included","selected","mfe_deltas","mfe_delta_cds",,
"region_feature_heatmap.R","included","selected","mfe_deltas","mfe_delta_last100",,
"region_feature_heatmap.R","included","selected","mfe_deltas","mfe_delta_mrna",,
"region_feature_heatmap.R","included","selected","mfe_deltas","mfe_delta_start",,
"region_feature_heatmap.R","included","selected","mfe_deltas","mfe_delta_stop",,
"region_feature_heatmap.R","included","selected","mfe_expected","mfe_expected_3utr",,
"region_feature_heatmap.R","included","selected","mfe_expected","mfe_expected_5utr",,
"region_feature_heatmap.R","included","selected","mfe_expected","mfe_expected_cds",,
"region_feature_heatmap.R","included","selected","mfe_expected","mfe_expected_last100",,
"region_feature_heatmap.R","included","selected","mfe_expected","mfe_expected_mrna",,
"region_feature_heatmap.R","included","selected","mfe_expected","mfe_expected_start",,
"region_feature_heatmap.R","included","selected","mfe_expected","mfe_expected_stop",,
"region_feature_heatmap.R","included","selected","nmd_alt_stop","nmd_alt_stop_codon_density_mrna",,
"region_feature_heatmap.R","included","selected","nmd_snv_fragile","nmd_snv_fragile_codon_density_mrna",,
"region_feature_heatmap.R","included","selected","nuc_ratios","frac_a_3utr",,
"region_feature_heatmap.R","included","selected","nuc_ratios","frac_a_5utr",,
"region_feature_heatmap.R","included","selected","nuc_ratios","frac_a_cds",,
"region_feature_heatmap.R","included","selected","nuc_ratios","frac_a_last100",,
"region_feature_heatmap.R","included","selected","nuc_ratios","frac_a_mrna",,
"region_feature_heatmap.R","included","selected","nuc_ratios","frac_a_start",,
"region_feature_heatmap.R","included","selected","nuc_ratios","frac_a_stop",,
"region_feature_heatmap.R","included","selected","nuc_ratios","frac_c_3utr",,
"region_feature_heatmap.R","included","selected","nuc_ratios","frac_c_5utr",,
"region_feature_heatmap.R","included","selected","nuc_ratios","frac_c_cds",,
"region_feature_heatmap.R","included","selected","nuc_ratios","frac_c_last100",,
"region_feature_heatmap.R","included","selected","nuc_ratios","frac_c_mrna",,
"region_feature_heatmap.R","included","selected","nuc_ratios","frac_c_start",,
"region_feature_heatmap.R","included","selected","nuc_ratios","frac_c_stop",,
"region_feature_heatmap.R","included","selected","nuc_ratios","frac_g_3utr",,
"region_feature_heatmap.R","included","selected","nuc_ratios","frac_g_5utr",,
"region_feature_heatmap.R","included","selected","nuc_ratios","frac_g_cds",,
"region_feature_heatmap.R","included","selected","nuc_ratios","frac_g_last100",,
"region_feature_heatmap.R","included","selected","nuc_ratios","frac_g_mrna",,
"region_feature_heatmap.R","included","selected","nuc_ratios","frac_g_start",,
"region_feature_heatmap.R","included","selected","nuc_ratios","frac_g_stop",,
"region_feature_heatmap.R","included","selected","nuc_ratios","frac_u_3utr",,
"region_feature_heatmap.R","included","selected","nuc_ratios","frac_u_5utr",,
"region_feature_heatmap.R","included","selected","nuc_ratios","frac_u_cds",,
"region_feature_heatmap.R","included","selected","nuc_ratios","frac_u_last100",,
"region_feature_heatmap.R","included","selected","nuc_ratios","frac_u_mrna",,
"region_feature_heatmap.R","included","selected","nuc_ratios","frac_u_start",,
"region_feature_heatmap.R","included","selected","nuc_ratios","frac_u_stop",,
"region_feature_heatmap.R","included","selected","probing","gini_cytoplasm_3utr",,
"region_feature_heatmap.R","included","selected","probing","gini_cytoplasm_5utr",,
"region_feature_heatmap.R","included","selected","probing","gini_cytoplasm_cds",,
"region_feature_heatmap.R","included","selected","probing","gini_cytoplasm_mrna",,
"region_feature_heatmap.R","included","selected","purine_ratio","purine_ratio_3utr",,
"region_feature_heatmap.R","included","selected","purine_ratio","purine_ratio_5utr",,
"region_feature_heatmap.R","included","selected","purine_ratio","purine_ratio_cds",,
"region_feature_heatmap.R","included","selected","purine_ratio","purine_ratio_last100",,
"region_feature_heatmap.R","included","selected","purine_ratio","purine_ratio_mrna",,
"region_feature_heatmap.R","included","selected","purine_ratio","purine_ratio_start",,
"region_feature_heatmap.R","included","selected","purine_ratio","purine_ratio_stop",,
"region_feature_heatmap.R","included","selected","rnafold_per_nt","rnafold_per_nt_3utr",,
"region_feature_heatmap.R","included","selected","rnafold_per_nt","rnafold_per_nt_5utr",,
"region_feature_heatmap.R","included","selected","rnafold_per_nt","rnafold_per_nt_cds",,
"region_feature_heatmap.R","included","selected","rnafold_per_nt","rnafold_per_nt_last100",,
"region_feature_heatmap.R","included","selected","rnafold_per_nt","rnafold_per_nt_mrna",,
"region_feature_heatmap.R","included","selected","rnafold_per_nt","rnafold_per_nt_start",,
"region_feature_heatmap.R","included","selected","rnafold_per_nt","rnafold_per_nt_stop",,
"region_feature_heatmap.R","included","selected","rnafold_scores","rnafold_score_3utr",,
"region_feature_heatmap.R","included","selected","rnafold_scores","rnafold_score_5utr",,
"region_feature_heatmap.R","included","selected","rnafold_scores","rnafold_score_cds",,
"region_feature_heatmap.R","included","selected","rnafold_scores","rnafold_score_last100",,
"region_feature_heatmap.R","included","selected","rnafold_scores","rnafold_score_mrna",,
"region_feature_heatmap.R","included","selected","rnafold_scores","rnafold_score_start",,
"region_feature_heatmap.R","included","selected","rnafold_scores","rnafold_score_stop",,
"region_feature_heatmap.R","included","selected","rnafold_scores","rnafold_score_utrpair",,
"region_feature_heatmap.R","included","selected","rnafold_zscores","rnafold_zscore_3utr",,
"region_feature_heatmap.R","included","selected","rnafold_zscores","rnafold_zscore_5utr",,
"region_feature_heatmap.R","included","selected","rnafold_zscores","rnafold_zscore_cds",,
"region_feature_heatmap.R","included","selected","rnafold_zscores","rnafold_zscore_last100",,
"region_feature_heatmap.R","included","selected","rnafold_zscores","rnafold_zscore_mrna",,
"region_feature_heatmap.R","included","selected","rnafold_zscores","rnafold_zscore_start",,
"region_feature_heatmap.R","included","selected","rnafold_zscores","rnafold_zscore_stop",,
"region_feature_heatmap.R","included","selected","rnafold_zscores","rnafold_zscore_utrpair",,
"region_feature_heatmap.R","included","selected","rnalfold_scores","rnalfold_score_3utr",,
"region_feature_heatmap.R","included","selected","rnalfold_scores","rnalfold_score_5utr",,
"region_feature_heatmap.R","included","selected","rnalfold_scores","rnalfold_score_cds",,
"region_feature_heatmap.R","included","selected","rnalfold_scores","rnalfold_score_last100",,
"region_feature_heatmap.R","included","selected","rnalfold_scores","rnalfold_score_mrna",,
"region_feature_heatmap.R","included","selected","rnalfold_scores","rnalfold_score_start",,
"region_feature_heatmap.R","included","selected","rnalfold_scores","rnalfold_score_stop",,
"region_feature_heatmap.R","included","selected","rnalfold_zscores","rnalfold_zscore_3utr",,
"region_feature_heatmap.R","included","selected","rnalfold_zscores","rnalfold_zscore_5utr",,
"region_feature_heatmap.R","included","selected","rnalfold_zscores","rnalfold_zscore_cds",,
"region_feature_heatmap.R","included","selected","rnalfold_zscores","rnalfold_zscore_last100",,
"region_feature_heatmap.R","included","selected","rnalfold_zscores","rnalfold_zscore_mrna",,
"region_feature_heatmap.R","included","selected","rnalfold_zscores","rnalfold_zscore_start",,
"region_feature_heatmap.R","included","selected","rnalfold_zscores","rnalfold_zscore_stop",,
"region_feature_heatmap.R","included","selected","stopfree","stopfree_length_3utr",,
"region_feature_heatmap.R","included","selected","stopfree","stopfree_length_5utr",,
"region_feature_heatmap.R","included","selected","stopfree","stopfree_length_cds",,
"region_feature_heatmap.R","included","selected","stopfree","stopfree_length_mrna",,
"region_feature_heatmap.R","included","selected","uorf_present","uorf_present_mrna",,
"region_feature_heatmap.R","structure","selected","mfe_deltas","mfe_delta_3utr",,
"region_feature_heatmap.R","structure","selected","mfe_deltas","mfe_delta_5utr",,
"region_feature_heatmap.R","structure","selected","mfe_deltas","mfe_delta_cds",,
"region_feature_heatmap.R","structure","selected","mfe_deltas","mfe_delta_last100",,
"region_feature_heatmap.R","structure","selected","mfe_deltas","mfe_delta_mrna",,
"region_feature_heatmap.R","structure","selected","mfe_deltas","mfe_delta_start",,
"region_feature_heatmap.R","structure","selected","mfe_deltas","mfe_delta_stop",,
"region_feature_heatmap.R","structure","selected","mfe_expected","mfe_expected_3utr",,
"region_feature_heatmap.R","structure","selected","mfe_expected","mfe_expected_5utr",,
"region_feature_heatmap.R","structure","selected","mfe_expected","mfe_expected_cds",,
"region_feature_heatmap.R","structure","selected","mfe_expected","mfe_expected_last100",,
"region_feature_heatmap.R","structure","selected","mfe_expected","mfe_expected_mrna",,
"region_feature_heatmap.R","structure","selected","mfe_expected","mfe_expected_start",,
"region_feature_heatmap.R","structure","selected","mfe_expected","mfe_expected_stop",,
"region_feature_heatmap.R","structure","selected","probing","gini_cytoplasm_3utr",,
"region_feature_heatmap.R","structure","selected","probing","gini_cytoplasm_5utr",,
"region_feature_heatmap.R","structure","selected","probing","gini_cytoplasm_cds",,
"region_feature_heatmap.R","structure","selected","probing","gini_cytoplasm_mrna",,
"region_feature_heatmap.R","structure","selected","probing","gini_nucleoplasm_3utr",,
"region_feature_heatmap.R","structure","selected","probing","gini_nucleoplasm_5utr",,
"region_feature_heatmap.R","structure","selected","probing","gini_nucleoplasm_cds",,
"region_feature_heatmap.R","structure","selected","probing","gini_nucleoplasm_mrna",,
"region_feature_heatmap.R","structure","selected","rnafold_per_nt","rnafold_per_nt_3utr",,
"region_feature_heatmap.R","structure","selected","rnafold_per_nt","rnafold_per_nt_5utr",,
"region_feature_heatmap.R","structure","selected","rnafold_per_nt","rnafold_per_nt_cds",,
"region_feature_heatmap.R","structure","selected","rnafold_per_nt","rnafold_per_nt_last100",,
"region_feature_heatmap.R","structure","selected","rnafold_per_nt","rnafold_per_nt_mrna",,
"region_feature_heatmap.R","structure","selected","rnafold_per_nt","rnafold_per_nt_start",,
"region_feature_heatmap.R","structure","selected","rnafold_per_nt","rnafold_per_nt_stop",,
"region_feature_heatmap.R","structure","selected","rnafold_scores","rnafold_score_3utr",,
"region_feature_heatmap.R","structure","selected","rnafold_scores","rnafold_score_5utr",,
"region_feature_heatmap.R","structure","selected","rnafold_scores","rnafold_score_cds",,
"region_feature_heatmap.R","structure","selected","rnafold_scores","rnafold_score_last100",,
"region_feature_heatmap.R","structure","selected","rnafold_scores","rnafold_score_mrna",,
"region_feature_heatmap.R","structure","selected","rnafold_scores","rnafold_score_start",,
"region_feature_heatmap.R","structure","selected","rnafold_scores","rnafold_score_stop",,
"region_feature_heatmap.R","structure","selected","rnafold_scores","rnafold_score_utrpair",,
"region_feature_heatmap.R","structure","selected","rnafold_zscores","rnafold_zscore_3utr",,
"region_feature_heatmap.R","structure","selected","rnafold_zscores","rnafold_zscore_5utr",,
"region_feature_heatmap.R","structure","selected","rnafold_zscores","rnafold_zscore_cds",,
"region_feature_heatmap.R","structure","selected","rnafold_zscores","rnafold_zscore_last100",,
"region_feature_heatmap.R","structure","selected","rnafold_zscores","rnafold_zscore_mrna",,
"region_feature_heatmap.R","structure","selected","rnafold_zscores","rnafold_zscore_start",,
"region_feature_heatmap.R","structure","selected","rnafold_zscores","rnafold_zscore_stop",,
"region_feature_heatmap.R","structure","selected","rnafold_zscores","rnafold_zscore_utrpair",,
"region_feature_heatmap.R","structure","selected","rnalfold_scores","rnalfold_score_3utr",,
"region_feature_heatmap.R","structure","selected","rnalfold_scores","rnalfold_score_5utr",,
"region_feature_heatmap.R","structure","selected","rnalfold_scores","rnalfold_score_cds",,
"region_feature_heatmap.R","structure","selected","rnalfold_scores","rnalfold_score_last100",,
"region_feature_heatmap.R","structure","selected","rnalfold_scores","rnalfold_score_mrna",,
"region_feature_heatmap.R","structure","selected","rnalfold_scores","rnalfold_score_start",,
"region_feature_heatmap.R","structure","selected","rnalfold_scores","rnalfold_score_stop",,
"region_feature_heatmap.R","structure","selected","rnalfold_zscores","rnalfold_zscore_3utr",,
"region_feature_heatmap.R","structure","selected","rnalfold_zscores","rnalfold_zscore_5utr",,
"region_feature_heatmap.R","structure","selected","rnalfold_zscores","rnalfold_zscore_cds",,
"region_feature_heatmap.R","structure","selected","rnalfold_zscores","rnalfold_zscore_last100",,
"region_feature_heatmap.R","structure","selected","rnalfold_zscores","rnalfold_zscore_mrna",,
"region_feature_heatmap.R","structure","selected","rnalfold_zscores","rnalfold_zscore_start",,
"region_feature_heatmap.R","structure","selected","rnalfold_zscores","rnalfold_zscore_stop",,
"xgb_structure_features.R","baseline_columns","selected","at_skew","at_skew_3utr",,
"xgb_structure_features.R","baseline_columns","selected","at_skew","at_skew_5utr",,
"xgb_structure_features.R","baseline_columns","selected","at_skew","at_skew_cds",,
"xgb_structure_features.R","baseline_columns","selected","at_skew","at_skew_last100",,
"xgb_structure_features.R","baseline_columns","selected","at_skew","at_skew_mrna",,
"xgb_structure_features.R","baseline_columns","selected","at_skew","at_skew_start",,
"xgb_structure_features.R","baseline_columns","selected","at_skew","at_skew_stop",,
"xgb_structure_features.R","baseline_columns","selected","cai","cai_cds",,
"xgb_structure_features.R","baseline_columns","selected","codon_freqs","codon_aaa_cds",,
"xgb_structure_features.R","baseline_columns","selected","codon_freqs","codon_aac_cds",,
"xgb_structure_features.R","baseline_columns","selected","codon_freqs","codon_aag_cds",,
"xgb_structure_features.R","baseline_columns","selected","codon_freqs","codon_aau_cds",,
"xgb_structure_features.R","baseline_columns","selected","codon_freqs","codon_aca_cds",,
"xgb_structure_features.R","baseline_columns","selected","codon_freqs","codon_acc_cds",,
"xgb_structure_features.R","baseline_columns","selected","codon_freqs","codon_acg_cds",,
"xgb_structure_features.R","baseline_columns","selected","codon_freqs","codon_acu_cds",,
"xgb_structure_features.R","baseline_columns","selected","codon_freqs","codon_aga_cds",,
"xgb_structure_features.R","baseline_columns","selected","codon_freqs","codon_agc_cds",,
"xgb_structure_features.R","baseline_columns","selected","codon_freqs","codon_agg_cds",,
"xgb_structure_features.R","baseline_columns","selected","codon_freqs","codon_agu_cds",,
"xgb_structure_features.R","baseline_columns","selected","codon_freqs","codon_aua_cds",,
"xgb_structure_features.R","baseline_columns","selected","codon_freqs","codon_auc_cds",,
"xgb_structure_features.R","baseline_columns","selected","codon_freqs","codon_aug_cds",,
"xgb_structure_features.R","baseline_columns","selected","codon_freqs","codon_auu_cds",,
"xgb_structure_features.R","baseline_columns","selected","codon_freqs","codon_caa_cds",,
"xgb_structure_features.R","baseline_columns","selected","codon_freqs","codon_cac_cds",,
"xgb_structure_features.R","baseline_columns","selected","codon_freqs","codon_cag_cds",,
"xgb_structure_features.R","baseline_columns","selected","codon_freqs","codon_cau_cds",,
"xgb_structure_features.R","baseline_columns","selected","codon_freqs","codon_cca_cds",,
"xgb_structure_features.R","baseline_columns","selected","codon_freqs","codon_ccc_cds",,
"xgb_structure_features.R","baseline_columns","selected","codon_freqs","codon_ccg_cds",,
"xgb_structure_features.R","baseline_columns","selected","codon_freqs","codon_ccu_cds",,
"xgb_structure_features.R","baseline_columns","selected","codon_freqs","codon_cga_cds",,
"xgb_structure_features.R","baseline_columns","selected","codon_freqs","codon_cgc_cds",,
"xgb_structure_features.R","baseline_columns","selected","codon_freqs","codon_cgg_cds",,
"xgb_structure_features.R","baseline_columns","selected","codon_freqs","codon_cgu_cds",,
"xgb_structure_features.R","baseline_columns","selected","codon_freqs","codon_cua_cds",,
"xgb_structure_features.R","baseline_columns","selected","codon_freqs","codon_cuc_cds",,
"xgb_structure_features.R","baseline_columns","selected","codon_freqs","codon_cug_cds",,
"xgb_structure_features.R","baseline_columns","selected","codon_freqs","codon_cuu_cds",,
"xgb_structure_features.R","baseline_columns","selected","codon_freqs","codon_gaa_cds",,
"xgb_structure_features.R","baseline_columns","selected","codon_freqs","codon_gac_cds",,
"xgb_structure_features.R","baseline_columns","selected","codon_freqs","codon_gag_cds",,
"xgb_structure_features.R","baseline_columns","selected","codon_freqs","codon_gau_cds",,
"xgb_structure_features.R","baseline_columns","selected","codon_freqs","codon_gca_cds",,
"xgb_structure_features.R","baseline_columns","selected","codon_freqs","codon_gcc_cds",,
"xgb_structure_features.R","baseline_columns","selected","codon_freqs","codon_gcg_cds",,
"xgb_structure_features.R","baseline_columns","selected","codon_freqs","codon_gcu_cds",,
"xgb_structure_features.R","baseline_columns","selected","codon_freqs","codon_gga_cds",,
"xgb_structure_features.R","baseline_columns","selected","codon_freqs","codon_ggc_cds",,
"xgb_structure_features.R","baseline_columns","selected","codon_freqs","codon_ggg_cds",,
"xgb_structure_features.R","baseline_columns","selected","codon_freqs","codon_ggu_cds",,
"xgb_structure_features.R","baseline_columns","selected","codon_freqs","codon_gua_cds",,
"xgb_structure_features.R","baseline_columns","selected","codon_freqs","codon_guc_cds",,
"xgb_structure_features.R","baseline_columns","selected","codon_freqs","codon_gug_cds",,
"xgb_structure_features.R","baseline_columns","selected","codon_freqs","codon_guu_cds",,
"xgb_structure_features.R","baseline_columns","selected","codon_freqs","codon_uaa_cds",,
"xgb_structure_features.R","baseline_columns","selected","codon_freqs","codon_uac_cds",,
"xgb_structure_features.R","baseline_columns","selected","codon_freqs","codon_uag_cds",,
"xgb_structure_features.R","baseline_columns","selected","codon_freqs","codon_uau_cds",,
"xgb_structure_features.R","baseline_columns","selected","codon_freqs","codon_uca_cds",,
"xgb_structure_features.R","baseline_columns","selected","codon_freqs","codon_ucc_cds",,
"xgb_structure_features.R","baseline_columns","selected","codon_freqs","codon_ucg_cds",,
"xgb_structure_features.R","baseline_columns","selected","codon_freqs","codon_ucu_cds",,
"xgb_structure_features.R","baseline_columns","selected","codon_freqs","codon_uga_cds",,
"xgb_structure_features.R","baseline_columns","selected","codon_freqs","codon_ugc_cds",,
"xgb_structure_features.R","baseline_columns","selected","codon_freqs","codon_ugg_cds",,
"xgb_structure_features.R","baseline_columns","selected","codon_freqs","codon_ugu_cds",,
"xgb_structure_features.R","baseline_columns","selected","codon_freqs","codon_uua_cds",,
"xgb_structure_features.R","baseline_columns","selected","codon_freqs","codon_uuc_cds",,
"xgb_structure_features.R","baseline_columns","selected","codon_freqs","codon_uug_cds",,
"xgb_structure_features.R","baseline_columns","selected","codon_freqs","codon_uuu_cds",,
"xgb_structure_features.R","baseline_columns","selected","eej_dist_closest","eej_dist_closest_start",,
"xgb_structure_features.R","baseline_columns","selected","eej_dist_closest","eej_dist_closest_stop",,
"xgb_structure_features.R","baseline_columns","selected","exon_density","exon_density_mrna",,
"xgb_structure_features.R","baseline_columns","selected","gc","gc_content_3utr",,
"xgb_structure_features.R","baseline_columns","selected","gc","gc_content_5utr",,
"xgb_structure_features.R","baseline_columns","selected","gc","gc_content_cds",,
"xgb_structure_features.R","baseline_columns","selected","gc","gc_content_last100",,
"xgb_structure_features.R","baseline_columns","selected","gc","gc_content_mrna",,
"xgb_structure_features.R","baseline_columns","selected","gc","gc_content_start",,
"xgb_structure_features.R","baseline_columns","selected","gc","gc_content_stop",,
"xgb_structure_features.R","baseline_columns","selected","gc_skew","gc_skew_3utr",,
"xgb_structure_features.R","baseline_columns","selected","gc_skew","gc_skew_5utr",,
"xgb_structure_features.R","baseline_columns","selected","gc_skew","gc_skew_cds",,
"xgb_structure_features.R","baseline_columns","selected","gc_skew","gc_skew_last100",,
"xgb_structure_features.R","baseline_columns","selected","gc_skew","gc_skew_mrna",,
"xgb_structure_features.R","baseline_columns","selected","gc_skew","gc_skew_start",,
"xgb_structure_features.R","baseline_columns","selected","gc_skew","gc_skew_stop",,
"xgb_structure_features.R","baseline_columns","selected","lengths","length_3utr",,
"xgb_structure_features.R","baseline_columns","selected","lengths","length_5utr",,
"xgb_structure_features.R","baseline_columns","selected","lengths","length_cds",,
"xgb_structure_features.R","baseline_columns","selected","lengths","length_mrna",,
"xgb_structure_features.R","baseline_columns","selected","nmd_alt_stop","nmd_alt_stop_codon_density_mrna",,
"xgb_structure_features.R","baseline_columns","selected","nmd_snv_fragile","nmd_snv_fragile_codon_density_mrna",,
"xgb_structure_features.R","baseline_columns","selected","nmd_transition","nmd_transition_fragile_codon_density_mrna",,
"xgb_structure_features.R","baseline_columns","selected","nmd_transition_fraction","nmd_transition_fraction_of_snv_fragile_mrna",,
"xgb_structure_features.R","baseline_columns","selected","nmd_transversion","nmd_transversion_fragile_codon_density_mrna",,
"xgb_structure_features.R","baseline_columns","selected","stopfree","stopfree_length_3utr",,
"xgb_structure_features.R","baseline_columns","selected","stopfree","stopfree_length_5utr",,
"xgb_structure_features.R","baseline_columns","selected","stopfree","stopfree_length_cds",,
"xgb_structure_features.R","baseline_columns","selected","stopfree","stopfree_length_mrna",,
"xgb_structure_features.R","baseline_columns","selected","uorf_present","uorf_present_mrna",,
"xgb_structure_features.R","structure_columns","selected","mfe_deltas","mfe_delta_3utr",,
"xgb_structure_features.R","structure_columns","selected","mfe_deltas","mfe_delta_5utr",,
"xgb_structure_features.R","structure_columns","selected","mfe_deltas","mfe_delta_cds",,
"xgb_structure_features.R","structure_columns","selected","mfe_deltas","mfe_delta_last100",,
"xgb_structure_features.R","structure_columns","selected","mfe_deltas","mfe_delta_mrna",,
"xgb_structure_features.R","structure_columns","selected","mfe_deltas","mfe_delta_start",,
"xgb_structure_features.R","structure_columns","selected","mfe_deltas","mfe_delta_stop",,
"xgb_structure_features.R","structure_columns","selected","rnafold_per_nt","rnafold_per_nt_3utr",,
"xgb_structure_features.R","structure_columns","selected","rnafold_per_nt","rnafold_per_nt_5utr",,
"xgb_structure_features.R","structure_columns","selected","rnafold_per_nt","rnafold_per_nt_cds",,
"xgb_structure_features.R","structure_columns","selected","rnafold_per_nt","rnafold_per_nt_last100",,
"xgb_structure_features.R","structure_columns","selected","rnafold_per_nt","rnafold_per_nt_mrna",,
"xgb_structure_features.R","structure_columns","selected","rnafold_per_nt","rnafold_per_nt_start",,
"xgb_structure_features.R","structure_columns","selected","rnafold_per_nt","rnafold_per_nt_stop",,
"xgb_structure_features.R","structure_columns","selected","rnafold_scores","rnafold_score_3utr",,
"xgb_structure_features.R","structure_columns","selected","rnafold_scores","rnafold_score_5utr",,
"xgb_structure_features.R","structure_columns","selected","rnafold_scores","rnafold_score_cds",,
"xgb_structure_features.R","structure_columns","selected","rnafold_scores","rnafold_score_last100",,
"xgb_structure_features.R","structure_columns","selected","rnafold_scores","rnafold_score_mrna",,
"xgb_structure_features.R","structure_columns","selected","rnafold_scores","rnafold_score_start",,
"xgb_structure_features.R","structure_columns","selected","rnafold_scores","rnafold_score_stop",,
"xgb_structure_features.R","structure_columns","selected","rnafold_scores","rnafold_score_utrpair",,
"xgb_structure_features.R","structure_columns","selected","rnafold_zscores","rnafold_zscore_3utr",,
"xgb_structure_features.R","structure_columns","selected","rnafold_zscores","rnafold_zscore_5utr",,
"xgb_structure_features.R","structure_columns","selected","rnafold_zscores","rnafold_zscore_cds",,
"xgb_structure_features.R","structure_columns","selected","rnafold_zscores","rnafold_zscore_last100",,
"xgb_structure_features.R","structure_columns","selected","rnafold_zscores","rnafold_zscore_mrna",,
"xgb_structure_features.R","structure_columns","selected","rnafold_zscores","rnafold_zscore_start",,
"xgb_structure_features.R","structure_columns","selected","rnafold_zscores","rnafold_zscore_stop",,
"xgb_structure_features.R","structure_columns","selected","rnafold_zscores","rnafold_zscore_utrpair",,
"xgb_structure_features.R","structure_columns","selected","rnalfold_scores","rnalfold_score_3utr",,
"xgb_structure_features.R","structure_columns","selected","rnalfold_scores","rnalfold_score_5utr",,
"xgb_structure_features.R","structure_columns","selected","rnalfold_scores","rnalfold_score_cds",,
"xgb_structure_features.R","structure_columns","selected","rnalfold_scores","rnalfold_score_last100",,
"xgb_structure_features.R","structure_columns","selected","rnalfold_scores","rnalfold_score_mrna",,
"xgb_structure_features.R","structure_columns","selected","rnalfold_scores","rnalfold_score_start",,
"xgb_structure_features.R","structure_columns","selected","rnalfold_scores","rnalfold_score_stop",,
"xgb_structure_features.R","structure_columns","selected","rnalfold_zscores","rnalfold_zscore_3utr",,
"xgb_structure_features.R","structure_columns","selected","rnalfold_zscores","rnalfold_zscore_5utr",,
"xgb_structure_features.R","structure_columns","selected","rnalfold_zscores","rnalfold_zscore_cds",,
"xgb_structure_features.R","structure_columns","selected","rnalfold_zscores","rnalfold_zscore_last100",,
"xgb_structure_features.R","structure_columns","selected","rnalfold_zscores","rnalfold_zscore_mrna",,
"xgb_structure_features.R","structure_columns","selected","rnalfold_zscores","rnalfold_zscore_start",,
"xgb_structure_features.R","structure_columns","selected","rnalfold_zscores","rnalfold_zscore_stop",,
